/*
SQLyog Ultimate v12.09 (64 bit)
MySQL - 5.7.26 : Database - dbcaddetail
*********************************************************************
*/

/*!40101 SET NAMES utf8 */;

/*!40101 SET SQL_MODE=''*/;

/*!40014 SET @OLD_UNIQUE_CHECKS=@@UNIQUE_CHECKS, UNIQUE_CHECKS=0 */;
/*!40014 SET @OLD_FOREIGN_KEY_CHECKS=@@FOREIGN_KEY_CHECKS, FOREIGN_KEY_CHECKS=0 */;
/*!40101 SET @OLD_SQL_MODE=@@SQL_MODE, SQL_MODE='NO_AUTO_VALUE_ON_ZERO' */;
/*!40111 SET @OLD_SQL_NOTES=@@SQL_NOTES, SQL_NOTES=0 */;
CREATE DATABASE /*!32312 IF NOT EXISTS*/`dbcaddetail` /*!40100 DEFAULT CHARACTER SET utf8 */;

USE `dbcaddetail`;

/*Table structure for table `artifact` */

DROP TABLE IF EXISTS `artifact`;

CREATE TABLE `artifact` (
  `artifactId` bigint(20) NOT NULL AUTO_INCREMENT,
  `artifactName` varchar(255) NOT NULL COMMENT '产品（工件）名称',
  `artifactCode` varchar(255) DEFAULT NULL COMMENT '产品（工件）代号',
  `weight` float DEFAULT NULL COMMENT '重量',
  `materialCode` varchar(255) DEFAULT NULL COMMENT '材料代码',
  `materialName` varchar(255) DEFAULT NULL COMMENT '材料名称',
  `productFlag` smallint(6) NOT NULL DEFAULT '1' COMMENT '用于标记此工件是否是顶层工件，即产品。0-产品，非0-工件',
  `productModel` varchar(255) DEFAULT NULL COMMENT '产品型号',
  `canBeSplit` tinyint(1) NOT NULL DEFAULT '1' COMMENT '标记此工件是否可以继续分解（拥有下一级明细），目前代码以8ZT开头的工件为不可分解，其它工件为可分解',
  `artifactMemo` varchar(255) DEFAULT NULL COMMENT '备注',
  `create_time` datetime DEFAULT NULL,
  `create_by` varchar(255) DEFAULT NULL,
  `update_time` datetime DEFAULT NULL,
  `update_by` varchar(255) DEFAULT NULL,
  PRIMARY KEY (`artifactId`)
) ENGINE=InnoDB AUTO_INCREMENT=533 DEFAULT CHARSET=utf8 COMMENT='变压器产品或变压器构件';

/*Data for the table `artifact` */

insert  into `artifact`(`artifactId`,`artifactName`,`artifactCode`,`weight`,`materialCode`,`materialName`,`productFlag`,`productModel`,`canBeSplit`,`artifactMemo`,`create_time`,`create_by`,`update_time`,`update_by`) values (1,'变压器明细','ZB8169-411.00MX',5468,'钢板','钢板',0,'SCB11-2500/10.5',1,NULL,NULL,NULL,'2020-12-23 22:47:27','admin'),(2,'变压器','ZB8169-411.00',5480,'','',1,'SCB11-2500/10.5',0,NULL,NULL,NULL,NULL,NULL),(3,'铁芯','ZB8169-411.03.01',3341,'27Q110','电工钢带',1,'SCB11-2500/10.5',0,NULL,NULL,NULL,NULL,NULL),(4,'出厂文件','ZB8169-411CW',NULL,'','',1,'SCB11-2500/10.5',0,NULL,NULL,NULL,NULL,NULL),(5,'技术条件','ZB8169-411JT',NULL,'','',1,'SCB11-2500/10.5',0,NULL,NULL,NULL,NULL,NULL),(6,'本体铭牌标志图','ZB8169-411MP',NULL,'','',1,'SCB11-2500/10.5',0,NULL,NULL,NULL,NULL,NULL),(7,'图样目录','ZB8169-411TM',NULL,'','',1,'SCB11-2500/10.5',0,NULL,NULL,NULL,NULL,NULL),(8,'变压器外形图','ZB8169-411WX',5480,'','',1,'SCB11-2500/10.5',0,NULL,NULL,NULL,NULL,NULL),(9,'高压出线布置图','ZG8168-411.10.01',NULL,'','',1,'SCB11-2500/10.5',0,NULL,NULL,NULL,NULL,NULL),(10,'高压上夹件','ZG8169-411.03.02',48.71,'','',1,'SCB11-2500/10.5',1,NULL,NULL,NULL,NULL,NULL),(11,'低压上夹件','ZG8169-411.03.03',48.53,'','',1,'SCB11-2500/10.5',1,NULL,NULL,NULL,NULL,NULL),(12,'下夹件','ZG8169-411.03.04',47.74,'','',1,'SCB11-2500/10.5',1,NULL,NULL,NULL,NULL,NULL),(13,'夹件绝缘','ZG8169-411.03.06',1.32,'','',1,'SCB11-2500/10.5',1,NULL,NULL,NULL,NULL,NULL),(14,'底脚绝缘','ZG8169-411.03.09',0.6,'JA330-8.0','硅橡胶',1,'SCB11-2500/10.5',0,NULL,NULL,NULL,NULL,NULL),(15,'铁芯装配','ZG8169-411.03',3685,'','',1,'SCB11-2500/10。5',1,NULL,NULL,NULL,NULL,NULL),(16,'零线母排','ZG8169-411.05.01',21,'TMY-15*120','铜排',1,'SCB11-2500/10.5',0,NULL,NULL,NULL,NULL,NULL),(17,'高、低压引线明细','ZG8169-411.05MX',27,'UK=6%','Dyn11;±2*2.5%',0,'SCB11-2500/10.5',1,NULL,NULL,NULL,NULL,NULL),(18,'高、低压引线','ZG8169-411.05',0,'Uk=6%','Dyn11;±2*2.5%',1,'SCB11-2500/10.5',0,NULL,NULL,NULL,NULL,NULL),(19,'高压线圈','ZG8169-411.10',323.08,'D接','10.5±2*2.5%',1,'SCB11-2500/10.5',1,NULL,NULL,NULL,NULL,NULL),(20,'内母排','ZG8169-411.13.01',20,'TMY-15*120','母排',1,'SCB11-2500/10.5',0,NULL,NULL,NULL,NULL,NULL),(21,'外母排','ZG8169-411.13.02',20,'TMY-15*120','母排',1,'SCB11-2500/10.5',0,NULL,NULL,NULL,NULL,NULL),(22,'低压线圈','ZG8169-411.13',251.8,'Y接','400V',1,'SCB11-2500/10.5',1,NULL,NULL,NULL,NULL,NULL),(23,'温控传感线走线','TZ20.01',0,'',NULL,1,NULL,0,NULL,NULL,NULL,NULL,NULL),(24,'温控器','BWDK-3206D',0,'',NULL,1,NULL,0,NULL,NULL,NULL,NULL,NULL),(25,'铭牌底板','TL11.02',0,'','钢材',1,NULL,0,NULL,NULL,NULL,NULL,NULL),(26,'本体铭牌标志图','ZG8169-411MP',0,'',NULL,1,NULL,0,NULL,NULL,NULL,NULL,NULL),(27,'铝合金抽芯铆钉','GB3098',0,'%%C4.8×25',NULL,1,NULL,0,NULL,NULL,NULL,NULL,NULL),(28,'上铁轭大垫块  \\P','TL04.02',0,'M=22,L1=75,L=150,H=40',NULL,1,NULL,0,NULL,NULL,NULL,NULL,NULL),(29,'红色硅胶垫','',0,'6×60×67/66',NULL,1,NULL,0,NULL,NULL,NULL,NULL,NULL),(30,'镀锌螺栓','GB5782',0,'35#钢, M16×60',NULL,1,NULL,0,NULL,NULL,NULL,NULL,NULL),(31,'垫板','TL15.03',0,'',NULL,1,NULL,0,NULL,NULL,NULL,NULL,NULL),(32,'镀锌薄螺母','GB6172',0,'35#钢, M16',NULL,1,NULL,0,NULL,NULL,NULL,NULL,NULL),(33,'绝缘筒','',5,'1.1 PET，785×1737',NULL,1,NULL,0,NULL,NULL,NULL,NULL,NULL),(34,'下铁轭大垫块','TL04.04',16,'M=22,L1=75,L=150,H=70',NULL,1,NULL,0,NULL,NULL,NULL,NULL,NULL),(35,'硅胶棒','',0,'硅橡胶%%c20×40',NULL,1,NULL,0,NULL,NULL,NULL,NULL,NULL),(36,'冷却风机','GFDD520-120',10,'',NULL,1,NULL,0,NULL,NULL,NULL,NULL,NULL),(37,'镀锌盘头螺钉','GB823',0,'35#钢, M6×10',NULL,1,NULL,0,NULL,NULL,NULL,NULL,NULL),(38,'镀锌垫片','GB97',0,'35#钢, D6',NULL,1,NULL,0,NULL,NULL,NULL,NULL,NULL),(39,'镀锌弹簧垫片','GB859',0,'35#钢，D6',NULL,1,NULL,0,NULL,NULL,NULL,NULL,NULL),(40,'字  牌','TL07.01',0,'',NULL,1,NULL,0,NULL,NULL,NULL,NULL,NULL),(41,'字  牌','TL07.03',0,'',NULL,1,NULL,0,NULL,NULL,NULL,NULL,NULL),(42,'标志牌','TL07.06',0,'',NULL,1,NULL,0,NULL,NULL,NULL,NULL,NULL),(43,'标志牌','TL07.07',0,'',NULL,1,NULL,0,NULL,NULL,NULL,NULL,NULL),(44,'接地标志牌','TL07.11',0,'',NULL,1,NULL,0,NULL,NULL,NULL,NULL,NULL),(45,'PVC绝缘管','',0,'φ20,L=3200',NULL,1,NULL,0,NULL,NULL,NULL,NULL,NULL),(46,'直角弯头','',0,'PVC绝缘管%%c20',NULL,1,NULL,0,NULL,NULL,NULL,NULL,NULL),(47,'1.5平方铜芯电线','',0,'L=7500',NULL,1,NULL,0,NULL,NULL,NULL,NULL,NULL),(48,'尼龙扎带','',0,'L=100',NULL,1,NULL,0,NULL,NULL,NULL,NULL,NULL),(49,'钢板','',46,'δ10钢板Q235',NULL,1,NULL,0,NULL,NULL,NULL,NULL,NULL),(50,'支板','TL36.03',0.27,'',NULL,1,NULL,0,NULL,NULL,NULL,NULL,NULL),(51,'吊板','TL12.03',1.6,'δ16钢板',NULL,1,NULL,0,NULL,NULL,NULL,NULL,NULL),(52,'压钉螺母','TL13.02',0.24,'M16',NULL,1,NULL,0,NULL,NULL,NULL,NULL,NULL),(53,'销钉','TL39.06',0.6,'',NULL,1,NULL,0,NULL,NULL,NULL,NULL,NULL),(54,'固定板','TL36.07',0.09,'',NULL,1,NULL,0,NULL,NULL,NULL,NULL,NULL),(55,'','',46,'δ10钢板Q235',NULL,1,NULL,0,NULL,NULL,NULL,NULL,NULL),(56,'','',0.42,'圆钢Q235,%%C10×15',NULL,1,NULL,0,NULL,NULL,NULL,NULL,NULL),(57,'风机支架','',0.72,'δ6钢板 Q235',NULL,1,NULL,0,NULL,NULL,NULL,NULL,NULL),(58,'环氧垫块','',0.56,'环氧板3240,δ9×120×20',NULL,1,NULL,0,NULL,NULL,NULL,NULL,NULL),(59,'铁    芯','ZG8169-411.03.01',3341,'27Q110',NULL,1,NULL,0,NULL,NULL,NULL,NULL,NULL),(60,'接地片','TL14.01',0.014,'',NULL,1,NULL,0,NULL,NULL,NULL,NULL,NULL),(61,'镀锌螺栓','GB5783',0,'35#钢，M10×20',NULL,1,NULL,0,NULL,NULL,NULL,NULL,NULL),(62,'双头螺杆(穿心）','TL03.03',3,'M16×510',NULL,1,NULL,0,NULL,NULL,NULL,NULL,NULL),(63,'绝缘管(穿心）','TL35.04',0.2,'φ17-420',NULL,1,NULL,0,NULL,NULL,NULL,NULL,NULL),(64,'绝缘大垫圈(穿心）','TL27.03',0,'',NULL,1,NULL,0,NULL,NULL,NULL,NULL,NULL),(65,'镀锌螺母','GB6170',0,'35#钢，M16',NULL,1,NULL,0,NULL,NULL,NULL,NULL,NULL),(66,'拉  板','TL38.06',36.6,'780/1105，(δ8×80)',NULL,1,NULL,0,NULL,NULL,NULL,NULL,NULL),(67,'拉板绝缘','TL40.05',7.2,'90×1245',NULL,1,NULL,0,NULL,NULL,NULL,NULL,NULL),(68,'撑板','TL41.02',0.6,'30×895',NULL,1,NULL,0,NULL,NULL,NULL,NULL,NULL),(69,'镀锌方斜垫圈','GB853',0,'35#钢，D16',NULL,1,NULL,0,NULL,NULL,NULL,NULL,NULL),(70,'镀锌钢管','',0,'钢管Q235A，%%C35/42,L=71',NULL,1,NULL,0,NULL,NULL,NULL,NULL,NULL),(71,'底脚','TL26.16',88,'236.5/236.5/1070；30/340',NULL,1,NULL,0,NULL,NULL,NULL,NULL,NULL),(72,'120热缩管','MPRS-1KV',0,'交联PE阻燃材料，L=1400',NULL,1,NULL,0,NULL,NULL,NULL,NULL,NULL),(73,'镀锌弹簧垫圈','GB93',0,'35#钢，D16',NULL,1,NULL,0,NULL,NULL,NULL,NULL,NULL),(74,'低压绝缘子','TL33.02',0,'%%c60×60',NULL,1,NULL,0,NULL,NULL,NULL,NULL,NULL),(75,'全丝钢螺柱','HG/T20613',0,'35#钢，M12×35',NULL,1,NULL,0,NULL,NULL,NULL,NULL,NULL),(76,'镀锌垫片','GB97-85',0,'35#钢，D12',NULL,1,NULL,0,NULL,NULL,NULL,NULL,NULL),(77,'联结铜管','TL01.15',0,'L=797',NULL,1,NULL,0,NULL,NULL,NULL,NULL,NULL),(78,'联结铜管','TL01.18',0,'L=1403',NULL,1,NULL,0,NULL,NULL,NULL,NULL,NULL),(79,'硅胶螺栓塞座','',0,'大红色硅橡胶, M16×15',NULL,1,NULL,0,NULL,NULL,NULL,NULL,NULL),(80,'硅胶螺母护套','',0,'大红色硅橡胶，M16',NULL,1,NULL,0,NULL,NULL,NULL,NULL,NULL),(81,'联结片','TL02.03',0,'L=78',NULL,1,NULL,0,NULL,NULL,NULL,NULL,NULL),(82,'绝缘子装配(10KV)','TZ01.03',2.7,'80×130',NULL,1,NULL,0,NULL,NULL,NULL,NULL,NULL),(83,'软联结','TL01.11',3,'L=302',NULL,1,NULL,0,NULL,NULL,NULL,NULL,NULL),(84,'内径绝缘','',4.8,'网格  1.5×770×1800',NULL,1,NULL,0,NULL,NULL,NULL,NULL,NULL),(85,'扁铜线','',224.2,'FMB-35/155 2*8.5',NULL,1,NULL,0,NULL,NULL,NULL,NULL,NULL),(86,'层间绝缘','',9,'网格  0.5×180×101700',NULL,1,NULL,0,NULL,NULL,NULL,NULL,NULL),(87,'气道绝缘（内）','',1.6,'网格  1.0×770×1900',NULL,1,NULL,0,NULL,NULL,NULL,NULL,NULL),(88,'气道绝缘（外）','',1.7,'网格  1.0×770×2000',NULL,1,NULL,0,NULL,NULL,NULL,NULL,NULL),(89,'外径绝缘','',1.9,'网格  1.0×770×2200',NULL,1,NULL,0,NULL,NULL,NULL,NULL,NULL),(90,'无碱无蜡玻璃丝布带','',0,'EW0.2×30',NULL,1,NULL,0,NULL,NULL,NULL,NULL,NULL),(91,'环氧树脂','',78.2,'8088A/B',NULL,1,NULL,0,NULL,NULL,NULL,NULL,NULL),(92,'嵌 件','TL18.03',1.68,'M16',NULL,1,NULL,0,NULL,NULL,NULL,NULL,NULL),(93,'F级网状无纬带','',0,'0.2×50',NULL,1,NULL,0,NULL,NULL,NULL,NULL,NULL),(94,'层间绝缘','',4,'DMD预浸料,0.2×778×24000',NULL,1,NULL,0,NULL,NULL,NULL,NULL,NULL),(95,'铜箔','T2',196.2,'1.35×750',NULL,1,NULL,0,NULL,NULL,NULL,NULL,NULL),(96,'端部绝缘','',1.1,'DMD预浸料,(0.4×7)×14',NULL,1,NULL,0,NULL,NULL,NULL,NULL,NULL),(97,'气道条','TL42.05',10.2,'树脂引拔件,16×14×775',NULL,1,NULL,0,NULL,NULL,NULL,NULL,NULL),(98,'绝缘管','',0,'热敏电阻管 %%C6×100',NULL,1,NULL,0,NULL,NULL,NULL,NULL,NULL),(99,'绝缘带','',0,'DMD预浸料,0.2×30',NULL,1,NULL,0,NULL,NULL,NULL,NULL,NULL),(100,'绝缘子','TL33.14',0.3,'%%C60×90',NULL,1,NULL,0,NULL,NULL,NULL,NULL,NULL),(105,'电力变压器','1ZT.710.0281.001',3800,'','',0,'SFL-6300/35',1,NULL,NULL,NULL,NULL,NULL),(106,'升高座','5ZT.022.0281.001',39.23,'','',1,'SFL-6300/35',1,NULL,NULL,NULL,NULL,NULL),(107,'箱壁焊装','5ZT.051.0281.001',778.06,'','',1,'SFL-6300/35',1,NULL,NULL,NULL,NULL,NULL),(108,'箱壁','5ZT.051.0281.002',108.4,'','',1,'SFL-6300/35',1,NULL,NULL,NULL,NULL,NULL),(109,'壁','5ZT.051.0281.003',29.88,'','',1,'SFL-6300/35',1,NULL,NULL,NULL,NULL,NULL),(110,'壁','5ZT.051.0281.004',NULL,'','',1,'SFL-6300/35',1,NULL,NULL,NULL,NULL,NULL),(111,'底座','5ZT.055.0281.001',13.48,'','',1,'SFL-6300/35',1,NULL,NULL,NULL,NULL,NULL),(112,'底座','5ZT.055.0281.002',16.93,'','',1,'SFL-6300/35',1,NULL,NULL,NULL,NULL,NULL),(113,'壁','5ZT.055.0281.003',152,'','6钢板Q235B',1,'SFL-6300/35',1,NULL,NULL,NULL,NULL,NULL),(114,'高压下夹件','5ZT.071.0281.001',120.7,'','',1,'SFL-6300/35',1,NULL,NULL,NULL,NULL,NULL),(115,'低压下夹件','5ZT.071.0281.002',120.7,'','',1,'SFL-6300/35',1,NULL,NULL,NULL,NULL,NULL),(116,'高压上夹件','5ZT.071.0281.003',115.15,'','',1,'SFL-6300/35',1,NULL,NULL,NULL,NULL,NULL),(117,'低压上夹件','5ZT.071.0281.004',115.15,'','',1,'SFL-6300/35',1,NULL,NULL,NULL,NULL,NULL),(118,'顶梁','5ZT.071.0281.005',7,'','',1,'SFL-6300/35',1,NULL,NULL,NULL,NULL,NULL),(119,'侧梁','5ZT.071.0281.006',9.75,'','',1,'SFL-6300/35',1,NULL,NULL,NULL,NULL,NULL),(120,'梁','5ZT.071.0281.007',NULL,'','',1,'SFL-6300/35',1,NULL,NULL,NULL,NULL,NULL),(121,'托板','5ZT.090.0281.001',26.78,'','',1,'SFL-6300/35',1,NULL,NULL,NULL,NULL,NULL),(122,'钢拉带','5ZT.137.0281.001',1.6,'','',1,'SFL-6300/35',1,NULL,NULL,NULL,NULL,NULL),(123,'法兰','5ZT.180.0281.001',4.4,'','',1,'SFL-6300/35',1,NULL,NULL,NULL,NULL,NULL),(124,'法兰','5ZT.180.0281.002',5,'','',1,'SFL-6300/35',1,NULL,NULL,NULL,NULL,NULL),(125,'法兰','5ZT.180.0281.003',6.4,'','',1,'SFL-6300/35',1,NULL,NULL,NULL,NULL,NULL),(126,'法兰盘','5ZT.180.0281.004',114.76,'','',1,'SFL-6300/35',1,NULL,NULL,NULL,NULL,NULL),(127,'低压母线罩','5ZT.300.0281.001',48.74,'','',1,'SFL-6300/35',1,NULL,NULL,NULL,NULL,NULL),(128,'高压母线罩','5ZT.300.0281.002',NULL,'','',1,'SFL-6300/35',1,NULL,NULL,NULL,NULL,NULL),(129,'箱盖','5ZT.312.0281.001',451.81,'','',1,'SFL-6300/35',1,NULL,NULL,NULL,NULL,NULL),(130,'下节油箱','5ZT.384.0281.002',1671.99,'','',1,'SFL-6300/35',1,NULL,NULL,NULL,NULL,NULL),(131,'管接头','5ZT.454.0281.001',3.9,'','',1,'SFL-6300/35',1,NULL,NULL,NULL,NULL,NULL),(132,'管接头','5ZT.454.0281.002',3.24,'','',1,'SFL-6300/35',1,NULL,NULL,NULL,NULL,NULL),(133,'管接头','5ZT.454.0281.003',1.72,'','',1,'SFL-6300/35',1,NULL,NULL,NULL,NULL,NULL),(134,'联管','5ZT.458.0281.001',18.6,'','',1,'SFL-6300/35',1,NULL,NULL,NULL,NULL,NULL),(135,'联管','5ZT.458.0281.002',5,'','',1,'SFL-6300/35',1,NULL,NULL,NULL,NULL,NULL),(136,'联管','5ZT.458.0281.003',6.01,'','',1,'SFL-6300/35',1,NULL,NULL,NULL,NULL,NULL),(137,'波纹管','5ZT.458.0281.004',3.3,'','',1,'SFL-6300/35',1,NULL,NULL,NULL,NULL,NULL),(138,'储油柜及联管装配','5ZT.461.0281.001',406.38,'','',1,'SFL-6300/35',1,NULL,NULL,NULL,NULL,NULL),(139,'储油柜焊装','5ZT.461.0281.002',254.5,'','',1,'SFL-6300/35',1,NULL,NULL,NULL,NULL,NULL),(140,'吊板','5ZT.472.0281.001',5.2,'','',1,'SFL-6300/35',1,NULL,NULL,NULL,NULL,NULL),(141,'吊板','5ZT.472.0281.002',4.3,'','',1,'SFL-6300/35',1,NULL,NULL,NULL,NULL,NULL),(142,'铜排','5ZT.510.0281.001',NULL,'','',1,'SFL-6300/35',1,NULL,NULL,NULL,NULL,NULL),(143,'铜排','5ZT.510.0281.002',NULL,'','',1,'SFL-6300/35',1,NULL,NULL,NULL,NULL,NULL),(144,'铜排','5ZT.510.0281.003',NULL,'','',1,'SFL-6300/35',1,NULL,NULL,NULL,NULL,NULL),(145,'铜排','5ZT.510.0281.004',NULL,'','',1,'SFL-6300/35',1,NULL,NULL,NULL,NULL,NULL),(146,'铜排','5ZT.510.0281.005',NULL,'','',1,'SFL-6300/35',1,NULL,NULL,NULL,NULL,NULL),(147,'铜排','5ZT.510.0281.006',NULL,'','',1,'SFL-6300/35',1,NULL,NULL,NULL,NULL,NULL),(148,'铜排','5ZT.510.0281.007',NULL,'','',1,'SFL-6300/35',1,NULL,NULL,NULL,NULL,NULL),(149,'铜排','5ZT.510.0281.008',NULL,'','',1,'SFL-6300/35',1,NULL,NULL,NULL,NULL,NULL),(150,'铜排','5ZT.510.0281.009',NULL,'','',1,'SFL-6300/35',1,NULL,NULL,NULL,NULL,NULL),(151,'铜排','5ZT.510.0281.010',NULL,'','',1,'SFL-6300/35',1,NULL,NULL,NULL,NULL,NULL),(152,'铜排','5ZT.510.0281.011',NULL,'','',1,'SFL-6300/35',1,NULL,NULL,NULL,NULL,NULL),(153,'铜排','5ZT.510.0281.012',NULL,'','',1,'SFL-6300/35',1,NULL,NULL,NULL,NULL,NULL),(154,'高压引线','5ZT.516.0281.001',NULL,'','',1,'SFL-6300/35',1,NULL,NULL,NULL,NULL,NULL),(155,'低压引线','5ZT.516.0281.002',NULL,'','',1,'SFL-6300/35',1,NULL,NULL,NULL,NULL,NULL),(156,'铁芯装配','5ZT.641.0281.001',15376.1,'','',1,'SFL-6300/35',1,NULL,NULL,NULL,NULL,NULL),(157,'铁芯片','5ZT.641.0281.002',4945.4,'','',1,'SFL-6300/35',1,NULL,NULL,NULL,NULL,NULL),(158,'器身绝缘','5ZT.700.0281.001',73.23,'','',1,'SFL-6300/35',1,NULL,NULL,NULL,NULL,NULL),(159,'端圈','5ZT.711.0281.001',NULL,'','',1,'SFL-6300/35',1,NULL,NULL,NULL,NULL,NULL),(160,'端圈','5ZT.711.0281.002',NULL,'','',1,'SFL-6300/35',1,NULL,NULL,NULL,NULL,NULL),(161,'绝缘端圈','5ZT.711.0281.003',NULL,'','',1,'SFL-6300/35',1,NULL,NULL,NULL,NULL,NULL),(162,'端圈','5ZT.711.0281.004',NULL,'','',1,'SFL-6300/35',1,NULL,NULL,NULL,NULL,NULL),(163,'端圈','5ZT.711.0281.005',NULL,'','',1,'SFL-6300/35',1,NULL,NULL,NULL,NULL,NULL),(164,'线圈','5ZT.711.0281.006',33.86,'','',1,'SFL-6300/35',1,NULL,NULL,NULL,NULL,NULL),(165,'拉板绝缘','5ZT.750.0265.001',2.08,'','',1,'SFL-6300/35',1,NULL,NULL,NULL,NULL,NULL),(166,'夹件绝缘','5ZT.750.0281.002',1,'','',1,'SFL-6300/35',1,NULL,NULL,NULL,NULL,NULL),(167,'铜排绝缘','5ZT.750.0281.003-005',NULL,'','',1,'SFL-6300/35',1,NULL,NULL,NULL,NULL,NULL),(168,'铜排绝缘','5ZT.750.0281.006-008',NULL,'','',1,'SFL-6300/35',1,NULL,NULL,NULL,NULL,NULL),(169,'围屏','5ZT.770.0281.001',NULL,'','',1,'SFL-6300/35',1,NULL,NULL,NULL,NULL,NULL),(170,'低压线圈装配','6ZT.602.0281.001',211.4,'','',1,'SFL-6300/35',1,NULL,NULL,NULL,NULL,NULL),(171,'高压线圈','6ZT.602.0281.002',NULL,'','',1,'SFL-6300/35',1,NULL,NULL,NULL,NULL,NULL),(172,'低压线圈1','6ZT.602.0281.003',211.4,'','',1,'SFL-6300/35',1,NULL,NULL,NULL,NULL,NULL),(173,'低压线圈2','6ZT.602.0281.004',211.4,'','',1,'SFL-6300/35',1,NULL,NULL,NULL,NULL,NULL),(174,'高低压线圈装配','6ZT.602.0281.005',NULL,'','',1,'SFL-6300/35',1,NULL,NULL,NULL,NULL,NULL),(175,'箱壁','8ZT.051.0281.005',274,'','8钢板Q235B',1,'SFL-6300/35',0,NULL,NULL,NULL,NULL,NULL),(176,'箱壁','8ZT.051.0281.006',287,'','8钢板Q235B',1,'SFL-6300/35',0,NULL,NULL,NULL,NULL,NULL),(177,'箱壁','8ZT.051.0281.007',26.8,'','8无磁钢板20Mn23Al',1,'SFL-6300/35',0,NULL,NULL,NULL,NULL,NULL),(178,'壁','8ZT.051.0281.008',16,'','6钢板Q235B',1,'SFL-6300/35',0,NULL,NULL,NULL,NULL,NULL),(179,'箱壁','8ZT.051.0281.009',81.6,'','8钢板Q235B',1,'SFL-6300/35',0,NULL,NULL,NULL,NULL,NULL),(180,'底板','8ZT.055.0281.001',1.25,'','16钢板Q235B',1,'SFL-6300/35',0,NULL,NULL,NULL,NULL,NULL),(181,'支板','8ZT.055.0281.002',2.4,'','32钢板Q235B',1,'SFL-6300/35',0,NULL,NULL,NULL,NULL,NULL),(182,'箱底','8ZT.055.0281.005',34.6,'','16钢板Q235B',1,'SFL-6300/35',0,NULL,NULL,NULL,NULL,NULL),(183,'底板','8ZT.055.0281.007',8.4,'','16钢板Q235B',1,'SFL-6300/35',0,NULL,NULL,NULL,NULL,NULL),(184,'底板','8ZT.055.0281.008',1.5,'','16钢板Q235B',1,'SFL-6300/35',0,NULL,NULL,NULL,NULL,NULL),(185,'铭牌底板','8ZT.055.0281.010',0.08,'','6钢板Q235B',1,'SFL-6300/35',0,NULL,NULL,NULL,NULL,NULL),(186,'油位曲线牌底板','8ZT.055.0281.011',NULL,'','6钢板Q235B',1,'SFL-6300/35',0,NULL,NULL,NULL,NULL,NULL),(187,'腹板','8ZT.070.0281.001',100,'','20钢板Q235B',1,'SFL-6300/35',0,NULL,NULL,NULL,NULL,NULL),(188,'腹板','8ZT.070.0281.002',95,'','20钢板Q235B',1,'SFL-6300/35',0,NULL,NULL,NULL,NULL,NULL),(189,'下节箱沿','8ZT.084.0281.002',65.6,'','16钢板Q235B',1,'SFL-6300/35',0,NULL,NULL,NULL,NULL,NULL),(190,'压板','8ZT.090.0281.001',25.5,'','30层压木',1,'SFL-6300/35',0,NULL,NULL,NULL,NULL,NULL),(191,'托板','8ZT.090.0281.002',20.1,'','30层压木',1,'SFL-6300/35',0,NULL,NULL,NULL,NULL,NULL),(192,'固定板','8ZT.100.0281.001',1.6,'','25钢板Q235B',1,'SFL-6300/35',0,NULL,NULL,NULL,NULL,NULL),(193,'固定板','8ZT.100.0281.002',1.6,'','25钢板Q235B',1,'SFL-6300/35',0,NULL,NULL,NULL,NULL,NULL),(194,'导线夹','8ZT.111.0281.001~005',NULL,'','层压木(高压)',1,'SFL-6300/35',0,NULL,NULL,NULL,NULL,NULL),(195,'导线夹','8ZT.111.0281.011~24',NULL,'','层压木(低压)',1,'SFL-6300/35',0,NULL,NULL,NULL,NULL,NULL),(196,'撑板','8ZT.123.0281.001',1,'','层压木',1,'SFL-6300/35',0,NULL,NULL,NULL,NULL,NULL),(197,'支板','8ZT.123.0281.002',NULL,'','16钢板Q235B',1,'SFL-6300/35',0,NULL,NULL,NULL,NULL,NULL),(198,'支板','8ZT.123.0281.003',0.5,'','16钢板Q235B',1,'SFL-6300/35',0,NULL,NULL,NULL,NULL,NULL),(199,'支板','8ZT.123.0281.004',0.65,'','12钢板Q235B',1,'SFL-6300/35',0,NULL,NULL,NULL,NULL,NULL),(200,'支板','8ZT.123.0281.005',0.7,'','12钢板Q235B',1,'SFL-6300/35',0,NULL,NULL,NULL,NULL,NULL),(201,'支板','8ZT.123.0281.006',0.4,'','12钢板Q235B',1,'SFL-6300/35',0,NULL,NULL,NULL,NULL,NULL),(202,'支板','8ZT.123.0281.007',0.7,'','12钢板Q235B',1,'SFL-6300/35',0,NULL,NULL,NULL,NULL,NULL),(203,'支板','8ZT.123.0281.008',0.6,'','12钢板Q235B',1,'SFL-6300/35',0,NULL,NULL,NULL,NULL,NULL),(204,'支板','8ZT.123.0281.009',0.7,'','12钢板Q235B',1,'SFL-6300/35',0,NULL,NULL,NULL,NULL,NULL),(205,'加强铁','8ZT.130.0281.006',NULL,'','16钢板Q235B',1,'SFL-6300/35',0,NULL,NULL,NULL,NULL,NULL),(206,'加强铁','8ZT.130.0281.007',5.3,'','25钢板Q235B',1,'SFL-6300/35',0,NULL,NULL,NULL,NULL,NULL),(207,'加强铁','8ZT.130.0281.008',1.4,'','12钢板Q235B',1,'SFL-6300/35',0,NULL,NULL,NULL,NULL,NULL),(208,'加强铁','8ZT.130.0281.009',1,'','20钢板Q235B',1,'SFL-6300/35',0,NULL,NULL,NULL,NULL,NULL),(209,'加强铁','8ZT.130.0281.011',17.7,'','16钢板Q235B',1,'SFL-6300/35',0,NULL,NULL,NULL,NULL,NULL),(210,'加强铁','8ZT.130.0281.012',17.7,'','16钢板Q235B',1,'SFL-6300/35',0,NULL,NULL,NULL,NULL,NULL),(211,'槽钢','8ZT.130.0281.013',0.9,'','100*48*5.3槽钢Q235B',1,'SFL-6300/35',0,NULL,NULL,NULL,NULL,NULL),(212,'槽钢','8ZT.130.0281.014',6.2,'','100*48*5.3槽钢Q235B',1,'SFL-6300/35',0,NULL,NULL,NULL,NULL,NULL),(213,'拉板','8ZT.137.0281.001',6.4,'','6钢板Q690D',1,'SFL-6300/35',0,NULL,NULL,NULL,NULL,NULL),(214,'拉板','8ZT.137.0281.002',6.4,'','6无磁钢板20Mn23Al',1,'SFL-6300/35',0,NULL,NULL,NULL,NULL,NULL),(215,'支板','8ZT.151.0281.001',0.03,'','8钢板Q235B',1,'SFL-6300/35',0,NULL,NULL,NULL,NULL,NULL),(216,'板','8ZT.151.0281.002',0.2,'','4钢板Q235B',1,'SFL-6300/35',0,NULL,NULL,NULL,NULL,NULL),(217,'纸板','8ZT.151.0281.003',0.33,'','1.0绝缘纸板T4',1,'SFL-6300/35',0,NULL,NULL,NULL,NULL,NULL),(218,'板','8ZT.151.0281.007',0.1,'','4钢板Q235B',1,'SFL-6300/35',0,NULL,NULL,NULL,NULL,NULL),(219,'相间隔板','8ZT.151.0281.050',NULL,'','3.0绝缘纸板T4',1,'SFL-6300/35',0,NULL,NULL,NULL,NULL,NULL),(220,'法兰','8ZT.180.0281.001',12.3,'','10无磁钢20Mn23Al',1,'SFL-6300/35',0,NULL,NULL,NULL,NULL,NULL),(221,'法兰','8ZT.180.0281.003',NULL,'','10钢板Q235B',1,'SFL-6300/35',0,NULL,NULL,NULL,NULL,NULL),(222,'法兰','8ZT.180.0281.005',14.5,'','10钢板Q235B',1,'SFL-6300/35',0,NULL,NULL,NULL,NULL,NULL),(223,'法兰','8ZT.180.0281.006',4.4,'','16钢板Q235B',1,'SFL-6300/35',0,NULL,NULL,NULL,NULL,NULL),(224,'法兰','8ZT.180.0281.007',1.6,'','20钢板Q235B',1,'SFL-6300/35',0,NULL,NULL,NULL,NULL,NULL),(225,'法兰','8ZT.180.0281.008',1.6,'','20钢板Q235B',1,'SFL-6300/35',0,NULL,NULL,NULL,NULL,NULL),(226,'法兰','8ZT.180.0281.009',1.7,'','20钢板Q235B',1,'SFL-6300/35',0,NULL,NULL,NULL,NULL,NULL),(227,'法兰','8ZT.180.0281.010',3.2,'','30钢板Q235B',1,'SFL-6300/35',0,NULL,NULL,NULL,NULL,NULL),(228,'法兰','8ZT.180.0281.011',14.88,'','8钢板Q235B',1,'SFL-6300/35',0,NULL,NULL,NULL,NULL,NULL),(229,'法兰','8ZT.180.0281.012',4,'','36钢板Q235B',1,'SFL-6300/35',0,NULL,NULL,NULL,NULL,NULL),(230,'法兰','8ZT.180.0281.013',10,'','25钢板Q235B',1,'SFL-6300/35',0,NULL,NULL,NULL,NULL,NULL),(231,'法兰','8ZT.180.0281.014',2.2,'','20钢板Q235B',1,'SFL-6300/35',0,NULL,NULL,NULL,NULL,NULL),(232,'垫块','8ZT.193.0281.001',0.7,'','层压木',1,'SFL-6300/35',0,NULL,NULL,NULL,NULL,NULL),(233,'垫块','8ZT.193.0281.002',0.5,'','层压木',1,'SFL-6300/35',0,NULL,NULL,NULL,NULL,NULL),(234,'垫块','8ZT.193.0281.003',0.7,'','层压木',1,'SFL-6300/35',0,NULL,NULL,NULL,NULL,NULL),(235,'垫块','8ZT.193.0281.004',0.55,'','层压木',1,'SFL-6300/35',0,NULL,NULL,NULL,NULL,NULL),(236,'垫块','8ZT.193.0281.005',0.15,'','层压木',1,'SFL-6300/35',0,NULL,NULL,NULL,NULL,NULL),(237,'垫块','8ZT.193.0281.006',0.9,'','层压木',1,'SFL-6300/35',0,NULL,NULL,NULL,NULL,NULL),(238,'垫块','8ZT.193.0281.007',0.7,'','层压木',1,'SFL-6300/35',0,NULL,NULL,NULL,NULL,NULL),(239,'垫  块','8ZT.193.0281.011',NULL,'','环氧玻璃布板',1,'SFL-6300/35',0,NULL,NULL,NULL,NULL,NULL),(240,'垫块','8ZT.193.0281.030',NULL,'','',1,'SFL-6300/35',0,NULL,NULL,NULL,NULL,NULL),(241,'垫块','8ZT.193.0281.031',NULL,'','40层压木',1,'SFL-6300/35',0,NULL,NULL,NULL,NULL,NULL),(242,'垫块','8ZT.193.0281.032',NULL,'','40层压木',1,'SFL-6300/35',0,NULL,NULL,NULL,NULL,NULL),(243,'垫块','8ZT.193.0281.033',NULL,'','20层压木',1,'SFL-6300/35',0,NULL,NULL,NULL,NULL,NULL),(244,'垫块','8ZT.193.0281.034',NULL,'','40层压木',1,'SFL-6300/35',0,NULL,NULL,NULL,NULL,NULL),(245,'定位钉','8ZT.271.0281.001',2,'','φ50圆钢',1,'SFL-6300/35',0,NULL,NULL,NULL,NULL,NULL),(246,'盖板','8ZT.310.0281.001',0.9,'','6钢板Q235B',1,'SFL-6300/35',0,NULL,NULL,NULL,NULL,NULL),(247,'盖板','8ZT.310.0281.002',107.7,'','8钢板Q235B',1,'SFL-6300/35',0,NULL,NULL,NULL,NULL,NULL),(248,'盖板','8ZT.310.0281.003',2.5,'','8钢板Q235B',1,'SFL-6300/35',0,NULL,NULL,NULL,NULL,NULL),(249,'箱盖','8ZT.312.0281.001',379,'','16钢板Q235B',1,'SFL-6300/35',0,NULL,NULL,NULL,NULL,NULL),(250,'密封垫','8ZT.370.0281.001',NULL,'','丁腈橡胶',1,'SFL-6300/35',0,NULL,NULL,NULL,NULL,NULL),(251,'箱沿密封垫','8ZT.370.0281.003',NULL,'','丁腈橡胶',1,'SFL-6300/35',0,NULL,NULL,NULL,NULL,NULL),(252,'接线片','8ZT.511.0281.001',NULL,'','紫铜片',1,'SFL-6300/35',0,NULL,NULL,NULL,NULL,NULL),(253,'接线片','8ZT.511.0281.002',NULL,'','0.3紫铜片',1,'SFL-6300/35',0,NULL,NULL,NULL,NULL,NULL),(254,'铝母排','8ZT.516.0281.001',NULL,'','12x110',1,'SFL-6300/35',0,NULL,NULL,NULL,NULL,NULL),(255,'铝母排','8ZT.516.0281.002',NULL,'','12x110',1,'SFL-6300/35',0,NULL,NULL,NULL,NULL,NULL),(256,'铜排','8ZT.516.0281.008',NULL,'','10*60铜排TMR',1,'SFL-6300/35',0,NULL,NULL,NULL,NULL,NULL),(257,'铜排','8ZT.516.0281.021',NULL,'','10*60铜排TMR',1,'SFL-6300/35',0,NULL,NULL,NULL,NULL,NULL),(258,'接线端子','8ZT.570.0281.001',NULL,'','紫铜棒T2',1,'SFL-6300/35',0,NULL,NULL,NULL,NULL,NULL),(259,'绝缘筒','8ZT.770.0281.003',0.1,'','环氧玻璃布板3240',1,'SFL-6300/35',0,NULL,NULL,NULL,NULL,NULL),(260,'纸筒','8ZT.770.0281.004',1.28,'','1.0绝缘纸板T4',1,'SFL-6300/35',0,NULL,NULL,NULL,NULL,NULL),(261,'纸板','8ZT.786.0281.002',NULL,'','t纸板100/00',1,'SFL-6300/35',0,NULL,NULL,NULL,NULL,NULL),(262,'纸板','8ZT.786.0281.003',NULL,'','t纸板100/00',1,'SFL-6300/35',0,NULL,NULL,NULL,NULL,NULL),(263,'纸板','8ZT.786.0281.004',NULL,'','t纸板100/00',1,'SFL-6300/35',0,NULL,NULL,NULL,NULL,NULL),(264,'铭牌','8ZT.860.0281.001',NULL,'','1.5不锈冷轧钢板1Cr18Ni9Ti',1,'SFL-6300/35',0,NULL,NULL,NULL,NULL,NULL),(265,'油位曲线铭牌','8ZT.860.0281.002',NULL,'','1.5不锈冷轧钢板1Cr18Ni9Ti',1,'SFL-6300/35',0,NULL,NULL,NULL,NULL,NULL),(266,'字牌','8ZT.860.0281.003.1-9',NULL,'','',1,'SFL-6300/35',0,NULL,NULL,NULL,NULL,NULL),(267,'锁片','8ZT.999.0281.001',0.025,'','1冷轧钢板08',1,'SFL-6300/35',0,NULL,NULL,NULL,NULL,NULL),(268,'锁片','8ZT.999.0281.002',0.05,'','1冷轧钢板08',1,'SFL-6300/35',0,NULL,NULL,NULL,NULL,NULL),(269,'锁片','8ZT.999.0281.004',0.025,'','1冷轧钢板08',1,'SFL-6300/35',0,NULL,NULL,NULL,NULL,NULL),(270,'油箱用字牌(英文版)','9ZT.860.006.1-23一致',NULL,'','',1,'SFL-6300/35',0,NULL,NULL,NULL,NULL,NULL),(271,'垫圈10-发黑','GB97.2',0,'',NULL,1,NULL,0,NULL,NULL,NULL,NULL,NULL),(272,'碟形垫圈-%%C20/%%C10.2-1.1','GB1972',0,'',NULL,1,NULL,0,NULL,NULL,NULL,NULL,NULL),(273,'板','8ZT.151.0281.006',1,'铁芯处用','钢材',1,NULL,0,NULL,NULL,NULL,NULL,NULL),(274,'锁片','8ZT.999.0281.003',0,'铁芯处用',NULL,1,NULL,0,NULL,NULL,NULL,NULL,NULL),(275,'胶囊','',0,'',NULL,1,NULL,0,NULL,NULL,NULL,NULL,NULL),(276,'50真空蝶阀(八孔)','',0,'',NULL,1,NULL,0,NULL,NULL,NULL,NULL,NULL),(277,'DN25球阀','',0,'',NULL,1,NULL,0,NULL,NULL,NULL,NULL,NULL),(278,'吸湿器1KG','',0,'',NULL,1,NULL,0,NULL,NULL,NULL,NULL,NULL),(279,'气体继电器','QJ5-50(TH)',0,'',NULL,1,NULL,0,NULL,NULL,NULL,NULL,NULL),(280,'油位计','YZF-140(TH)',0,'',NULL,1,NULL,0,NULL,NULL,NULL,NULL,NULL),(281,'箱沿接地铜排L=60','9ZT.570.021',0,'',NULL,1,NULL,0,NULL,NULL,NULL,NULL,NULL),(282,'片式散热器','PC1800-15/520',0,'',NULL,1,NULL,0,NULL,NULL,NULL,NULL,NULL),(283,'高压C型套管','SDCT35-630-2',0,'厂家带密封圈及固定板',NULL,1,NULL,0,NULL,NULL,NULL,NULL,NULL),(284,'字牌(1U、1V、1W)','8ZT.860.0281.003.1-3',0,'',NULL,1,NULL,0,NULL,NULL,NULL,NULL,NULL),(285,'铆钉3*5','GB/T827-1986',0,'',NULL,1,NULL,0,NULL,NULL,NULL,NULL,NULL),(286,'字牌(千斤顶支架)','9ZT.860.006.1',0,'',NULL,1,NULL,0,NULL,NULL,NULL,NULL,NULL),(287,'字牌(油箱接地)','9ZT.860.006.14',0,'',NULL,1,NULL,0,NULL,NULL,NULL,NULL,NULL),(288,'DN50球阀','',0,'',NULL,1,NULL,0,NULL,NULL,NULL,NULL,NULL),(289,'字牌(注放油阀)','9ZT.860.006.12',0,'',NULL,1,NULL,0,NULL,NULL,NULL,NULL,NULL),(290,'低压套管','1/3150A',0,'厂家带密封圈及固定板',NULL,1,NULL,0,NULL,NULL,NULL,NULL,NULL),(291,'字牌(2U、2V、2W、3U、3V、3W)','8ZT.860.0281.003.4-9',0,'',NULL,1,NULL,0,NULL,NULL,NULL,NULL,NULL),(292,'油面温控器','BWY-804AD(TH)',0,'',NULL,1,NULL,0,NULL,NULL,NULL,NULL,NULL),(293,'油样活门','',0,'',NULL,1,NULL,0,NULL,NULL,NULL,NULL,NULL),(294,'字牌(油样活门)','9ZT.860.006.2',0,'',NULL,1,NULL,0,NULL,NULL,NULL,NULL,NULL),(295,'无励磁分接开关','WSTⅡ250/35-6*5Z',0,'',NULL,1,NULL,0,NULL,NULL,NULL,NULL,NULL),(296,'字牌(DETC)','',0,'',NULL,1,NULL,0,NULL,NULL,NULL,NULL,NULL),(297,'压力释放阀','YSF7-55/50KKJB(TH)',0,'',NULL,1,NULL,0,NULL,NULL,NULL,NULL,NULL),(298,'字牌(压力释放阀)','9ZT.860.006.8',0,'',NULL,1,NULL,0,NULL,NULL,NULL,NULL,NULL),(299,'接地线L=200','7ZT.570.003',0,'',NULL,1,NULL,1,NULL,NULL,NULL,NULL,NULL),(300,'变压器油25#','',3800,'',NULL,1,NULL,0,NULL,NULL,NULL,NULL,NULL),(301,'全丝螺杆M8*60-不锈钢','',0,'不锈圆钢1Cr18Ni9Ti',NULL,1,NULL,0,NULL,NULL,NULL,NULL,NULL),(302,'接地螺母','9ZT.940.004',0.1,'\\U+220530不锈钢棒OCr18Ni10Ti',NULL,1,NULL,0,NULL,NULL,NULL,NULL,NULL),(303,'接地螺母','8ZT.940.0281.001',0.03,'不锈圆钢1Cr18Ni9Ti',NULL,1,NULL,0,NULL,NULL,NULL,NULL,NULL),(304,'字牌底板','9ZT.055.024',0.3,'6钢板Q235-B',NULL,1,NULL,0,NULL,NULL,NULL,NULL,NULL),(305,'钢板1869*920*8','',108,'8钢板Q235B',NULL,1,NULL,0,NULL,NULL,NULL,NULL,NULL),(306,'加强铁L=H=120,h=0,t=12','9ZT.130.001',0.66,'12钢板Q235B',NULL,1,NULL,0,NULL,NULL,NULL,NULL,NULL),(307,'接地座','9ZT.210.001',0,'不锈钢0Cr18Ni10Ti',NULL,1,NULL,0,NULL,NULL,NULL,NULL,NULL),(308,'钢板280*200*6','',5.28,'6无磁钢20Mn23Al',NULL,1,NULL,0,NULL,NULL,NULL,NULL,NULL),(309,'钢板982*200*6','',9.2,'6无磁钢20Mn23Al',NULL,1,NULL,0,NULL,NULL,NULL,NULL,NULL),(310,'钢板982*200*10','',15.4,'10无磁钢20Mn23Al',NULL,1,NULL,0,NULL,NULL,NULL,NULL,NULL),(311,'板 341*751*4','',0,'4钢板Q235B',NULL,1,NULL,0,NULL,NULL,NULL,NULL,NULL),(312,'壁','如图',0,'4钢板Q235B',NULL,1,NULL,0,NULL,NULL,NULL,NULL,NULL),(313,'全丝螺杆M10*30-不锈钢','',0,'\\U+220510不锈钢棒OCr18Ni10Ti',NULL,1,NULL,0,NULL,NULL,NULL,NULL,NULL),(314,'支板564*120*25','',13.2,'25钢板Q235B',NULL,1,NULL,0,NULL,NULL,NULL,NULL,NULL),(315,'圆钢%%C16*80(全螺纹)','',0.25,'16冷拉圆钢45',NULL,1,NULL,0,NULL,NULL,NULL,NULL,NULL),(316,'圆钢%%C10*25','',0.03,'10圆钢Q235B',NULL,1,NULL,0,NULL,NULL,NULL,NULL,NULL),(317,'支板765*120*25','',16.65,'25钢板Q235B',NULL,1,NULL,0,NULL,NULL,NULL,NULL,NULL),(318,'加强铁50*50*12','9ZT.130.007',0.1,'12钢板Q235B',NULL,1,NULL,0,NULL,NULL,NULL,NULL,NULL),(319,'加强铁L1=110L2=110','9ZT.130.021',2,'16钢板Q235B',NULL,1,NULL,0,NULL,NULL,NULL,NULL,NULL),(320,'轴%%c60*%%c50*26','9ZT.200.003',1.8,'%%C60冷拉圆钢35',NULL,1,NULL,0,NULL,NULL,NULL,NULL,NULL),(321,'圆钢%%c10*10','',0.05,'%%C10冷拉圆钢35',NULL,1,NULL,0,NULL,NULL,NULL,NULL,NULL),(322,'板40*34.5*20','',0.2,'20钢板Q235B',NULL,1,NULL,0,NULL,NULL,NULL,NULL,NULL),(323,'板338*120*16','',5.1,'16钢板Q235B',NULL,1,NULL,0,NULL,NULL,NULL,NULL,NULL),(324,'支板120*60*16','',1.7,'16钢板Q235B',NULL,1,NULL,0,NULL,NULL,NULL,NULL,NULL),(325,'支板180*40*20','',2.2,'20钢板Q235B',NULL,1,NULL,0,NULL,NULL,NULL,NULL,NULL),(326,'加强铁40*40*4','',0.05,'4钢板Q235B',NULL,1,NULL,0,NULL,NULL,NULL,NULL,NULL),(327,'支板298*160*20','',7.5,'20钢板Q235B',NULL,1,NULL,0,NULL,NULL,NULL,NULL,NULL),(328,'垫块','',2.03,'30层压木',NULL,1,NULL,0,NULL,NULL,NULL,NULL,NULL),(329,'垫块 150*60*1','',0,'0.01',NULL,1,NULL,0,NULL,NULL,NULL,NULL,NULL),(330,'垫块 110*50*30','',1.36,'30层压木',NULL,1,NULL,0,NULL,NULL,NULL,NULL,NULL),(331,'垫块 110*50*1','',0.14,'1.0绝缘纸板T4',NULL,1,NULL,0,NULL,NULL,NULL,NULL,NULL),(332,'垫块 140*60*1','',0.16,'1.0绝缘纸板T4',NULL,1,NULL,0,NULL,NULL,NULL,NULL,NULL),(333,'垫块 170*60*1','',0.12,'1.0绝缘纸板T4',NULL,1,NULL,0,NULL,NULL,NULL,NULL,NULL),(334,'钢板396*45*6','',0.85,'6无磁钢板20Mn23Al',NULL,1,NULL,0,NULL,NULL,NULL,NULL,NULL),(335,'螺杆L=143','',0.35,'20圆钢Q235B',NULL,1,NULL,0,NULL,NULL,NULL,NULL,NULL),(336,'螺杆L=153','',0.4,'20圆钢Q235B',NULL,1,NULL,0,NULL,NULL,NULL,NULL,NULL),(337,'密封圈 %%c90x%%c106*6','9ZT.370.002',0,'丁腈橡胶',NULL,1,NULL,0,NULL,NULL,NULL,NULL,NULL),(338,'螺栓M10*35-不锈钢','GB/T5783-2002',0,'',NULL,1,NULL,0,NULL,NULL,NULL,NULL,NULL),(339,'弹垫12-不锈钢','GB/T 93-1987',0,'',NULL,1,NULL,0,NULL,NULL,NULL,NULL,NULL),(340,'垫圈12-热镀锌','GB/T 97.2-2002',0,'',NULL,1,NULL,0,NULL,NULL,NULL,NULL,NULL),(341,'密封圈 \\U+22058x\\U+2205100','9ZT.370.001',0,'丁腈橡胶',NULL,1,NULL,0,NULL,NULL,NULL,NULL,NULL),(342,'螺栓M20x45-热镀锌','GB/T 5783-2000',0,'',NULL,1,NULL,0,NULL,NULL,NULL,NULL,NULL),(343,'密封垫','8ZT.370.0261.001',0,'丁腈橡胶',NULL,1,NULL,0,NULL,NULL,NULL,NULL,NULL),(344,'放气塞','7ZT.322.001',0.1,'',NULL,1,NULL,1,NULL,NULL,NULL,NULL,NULL),(345,'吊拌','9ZT.472.002',0.4,'12钢板Q235B',NULL,1,NULL,0,NULL,NULL,NULL,NULL,NULL),(346,'护架 L=130 H=40 L1=216','9ZT.043.009',2.16,'φ8圆钢',NULL,1,NULL,0,NULL,NULL,NULL,NULL,NULL),(347,'接地板','9ZT.151.002',0.42,'12不锈钢板',NULL,1,NULL,0,NULL,NULL,NULL,NULL,NULL),(348,'50蝶阀法兰','7ZT.180.001',2.9,'',NULL,1,NULL,1,NULL,NULL,NULL,NULL,NULL),(349,'讯号温度计座','7ZT.421.002',0.97,'',NULL,1,NULL,1,NULL,NULL,NULL,NULL,NULL),(350,'吊板','9Z7.472.012',1.2,'16钢板Q235B',NULL,1,NULL,0,NULL,NULL,NULL,NULL,NULL),(351,'全丝螺杆M12*50-不锈钢','',0.2,'不锈圆钢1Cr18Ni9Ti',NULL,1,NULL,0,NULL,NULL,NULL,NULL,NULL),(352,'温控器底板L1=L2=100','7ZT.055.034',0.65,'',NULL,1,NULL,1,NULL,NULL,NULL,NULL,NULL),(353,'油样活门','外 购',0,'',NULL,1,NULL,0,NULL,NULL,NULL,NULL,NULL),(354,'放油管 h=55','7ZT.458.001',2,'',NULL,1,NULL,1,NULL,NULL,NULL,NULL,NULL),(355,'限位方钢长约12500','',1.57,'4方钢Q235B',NULL,1,NULL,0,NULL,NULL,NULL,NULL,NULL),(356,'钢板68*15*6','',0.1,'6钢板Q235B',NULL,1,NULL,0,NULL,NULL,NULL,NULL,NULL),(357,'全丝螺杆M10*63-不锈钢','',0,'不锈圆钢1Cr18Ni9Ti',NULL,1,NULL,0,NULL,NULL,NULL,NULL,NULL),(358,'手孔法兰','7ZT.180.003',8.7,'',NULL,1,NULL,1,NULL,NULL,NULL,NULL,NULL),(359,'管接头L=145','7ZT.454.066',3,'',NULL,1,NULL,1,NULL,NULL,NULL,NULL,NULL),(360,'90%%D弯头','',0,'φ89x4.5无缝钢管Q235B',NULL,1,NULL,0,NULL,NULL,NULL,NULL,NULL),(361,'盖板','9ZT.310.019',1.9,'6钢板Q235B',NULL,1,NULL,0,NULL,NULL,NULL,NULL,NULL),(362,'螺栓M16*65-热镀锌','GB/T 5782-2000',0,'',NULL,1,NULL,0,NULL,NULL,NULL,NULL,NULL),(363,'螺母M16-热镀锌','GB97.2-2002',0,'',NULL,1,NULL,0,NULL,NULL,NULL,NULL,NULL),(364,'90%%D弯头','',0.81,'φ60x5无缝钢管Q235B',NULL,1,NULL,0,NULL,NULL,NULL,NULL,NULL),(365,'管','长约L1+L2-162',0.83,'φ60x5无缝钢管Q235B',NULL,1,NULL,0,NULL,NULL,NULL,NULL,NULL),(366,'盖板','9ZT.310.002',0.45,'6钢板Q235B',NULL,1,NULL,0,NULL,NULL,NULL,NULL,NULL),(367,'螺母M12','GB/T 6170-2000',0,'热镀锌',NULL,1,NULL,0,NULL,NULL,NULL,NULL,NULL),(368,'法兰','9ZT.180.015',0.95,'16钢板Q235B',NULL,1,NULL,0,NULL,NULL,NULL,NULL,NULL),(369,'管长L-5','',0.32,'φ34x4.5无缝钢管Q235B',NULL,1,NULL,0,NULL,NULL,NULL,NULL,NULL),(370,'封板%%C45*6','',0.02,'6钢板Q235B',NULL,1,NULL,0,NULL,NULL,NULL,NULL,NULL),(371,'管','长约2020',6,'φ34x4.5无缝钢管Q235B',NULL,1,NULL,0,NULL,NULL,NULL,NULL,NULL),(372,'法兰','9ZT.180.016',0.95,'16钢板Q235B',NULL,1,NULL,0,NULL,NULL,NULL,NULL,NULL),(373,'管长L1+L2-53','',2.2,'φ34x4.5无缝钢管Q235B',NULL,1,NULL,0,NULL,NULL,NULL,NULL,NULL),(374,'管长L-10','',3.27,'φ34x4.5无缝钢管Q235B',NULL,1,NULL,0,NULL,NULL,NULL,NULL,NULL),(375,'法兰','9ZT.180.056',0.62,'16钢板Q235B',NULL,1,NULL,0,NULL,NULL,NULL,NULL,NULL),(376,'盖板','9ZT.310.032',0.27,'6钢板Q235B',NULL,1,NULL,0,NULL,NULL,NULL,NULL,NULL),(377,'波纹管%%c50','',0,'不锈钢',NULL,1,NULL,0,NULL,NULL,NULL,NULL,NULL),(378,'U型螺杆','9ZT.931.006',0,'φ8圆钢Q235B',NULL,1,NULL,0,NULL,NULL,NULL,NULL,NULL),(379,'螺母M8','GB/T6170-2000',0,'不锈钢',NULL,1,NULL,0,NULL,NULL,NULL,NULL,NULL),(380,'大垫圈8','GB/T96.1-2002',0,'不锈钢',NULL,1,NULL,0,NULL,NULL,NULL,NULL,NULL),(381,'字牌','8ZT.860.0281.004',0,'1不锈钢板1Cr18Ni9Ti',NULL,1,NULL,0,NULL,NULL,NULL,NULL,NULL),(382,'字牌','8ZT.860.0281.005',0,'1不锈钢板1Cr18Ni9Ti',NULL,1,NULL,0,NULL,NULL,NULL,NULL,NULL),(383,'螺栓M5*15','GB/T5782-2000',0,'不锈钢',NULL,1,NULL,0,NULL,NULL,NULL,NULL,NULL),(384,'垫圈5','GB/T97.2-2002',0,'不锈钢',NULL,1,NULL,0,NULL,NULL,NULL,NULL,NULL),(385,'字牌底板','9ZT.055.018',0,'4钢板Q235B',NULL,1,NULL,0,NULL,NULL,NULL,NULL,NULL),(386,'底板','9ZT.055.035',0.6,'12钢板Q235B',NULL,1,NULL,0,NULL,NULL,NULL,NULL,NULL),(387,'油位计 杆长L=320','YZF-140',0,'密封圈自带，上下摆动',NULL,1,NULL,0,NULL,NULL,NULL,NULL,NULL),(388,'ND50蝶阀','1TH.111.50.032',0,'密封件厂家自带',NULL,1,NULL,0,NULL,NULL,NULL,NULL,NULL),(389,'大垫圈16','GB/T 96.1-2002',0,'热镀锌',NULL,1,NULL,0,NULL,NULL,NULL,NULL,NULL),(390,'螺母M16','GB6170-2000',0,'热镀锌',NULL,1,NULL,0,NULL,NULL,NULL,NULL,NULL),(391,'法兰','9ZT.180.050',1.6,'20钢板Q235B',NULL,1,NULL,0,NULL,NULL,NULL,NULL,NULL),(392,'支架','展开长180',0.55,'6钢板Q235B',NULL,1,NULL,0,NULL,NULL,NULL,NULL,NULL),(393,'φ8圆钢','长约180',0.2,'φ8圆钢',NULL,1,NULL,0,NULL,NULL,NULL,NULL,NULL),(394,'φ8圆钢','长约150',0.6,'φ8圆钢',NULL,1,NULL,0,NULL,NULL,NULL,NULL,NULL),(395,'铜排','长约764MM',0,'10*60铜排TMR',NULL,1,NULL,0,NULL,NULL,NULL,NULL,NULL),(396,'铜排','长约1393MM',0,'10*60铜排TMR',NULL,1,NULL,0,NULL,NULL,NULL,NULL,NULL),(397,'铜排','长约1765MM',0,'10*60铜排TMR',NULL,1,NULL,0,NULL,NULL,NULL,NULL,NULL),(398,'铜排','长约1110MM',0,'10*60铜排TMR',NULL,1,NULL,0,NULL,NULL,NULL,NULL,NULL),(399,'铜排','长约1768MM',0,'10*60铜排TMR',NULL,1,NULL,0,NULL,NULL,NULL,NULL,NULL),(400,'铜排','长约2500MM',0,'10*60铜排TMR',NULL,1,NULL,0,NULL,NULL,NULL,NULL,NULL),(401,'铜排','长约1700MM',0,'10*60铜排TMR',NULL,1,NULL,0,NULL,NULL,NULL,NULL,NULL),(402,'铜排','8ZT.516.0281.003',0,'10*60铜排TMR',NULL,1,NULL,0,NULL,NULL,NULL,NULL,NULL),(403,'铜排','8ZT.516.0281.004',0,'10*60铜排TMR',NULL,1,NULL,0,NULL,NULL,NULL,NULL,NULL),(404,'铜排','8ZT.516.0281.005',0,'10*60铜排TMR',NULL,1,NULL,0,NULL,NULL,NULL,NULL,NULL),(405,'铜排','如图钻孔',0,'10*60铜排TMR',NULL,1,NULL,0,NULL,NULL,NULL,NULL,NULL),(406,'碟型垫圈-%%C25/%%C12.2*1.5','GB/T1972-2005',0,'',NULL,1,NULL,0,NULL,NULL,NULL,NULL,NULL),(407,'导线夹','8ZT.111.0281.001',0,'50层压木',NULL,1,NULL,0,NULL,NULL,NULL,NULL,NULL),(408,'导线夹','8ZT.111.0281.002',0,'40层压木',NULL,1,NULL,0,NULL,NULL,NULL,NULL,NULL),(409,'绝缘螺杆M16*135','HKFRPA-LG004',0,'尼龙',NULL,1,NULL,0,NULL,NULL,NULL,NULL,NULL),(410,'导线夹','8ZT.111.0281.003',0,'40层压木',NULL,1,NULL,0,NULL,NULL,NULL,NULL,NULL),(411,'导线夹','8ZT.111.0281.004',0,'40层压木',NULL,1,NULL,0,NULL,NULL,NULL,NULL,NULL),(412,'高压引线50mm\\U+00B2-3','长约9M',0,'50mm\\U+00B2-3（%%C10.2/%%C16.2）',NULL,1,NULL,0,NULL,NULL,NULL,NULL,NULL),(413,'接线端子STD-50','9ZT.570.014.2',0,'紫铜T2',NULL,1,NULL,0,NULL,NULL,NULL,NULL,NULL),(414,'螺栓M10*30-发黑','GB/T5783-2000',0,'',NULL,1,NULL,0,NULL,NULL,NULL,NULL,NULL),(415,'附绝缘0.5*60','',0,'0.5纸板100/00',NULL,1,NULL,0,NULL,NULL,NULL,NULL,NULL),(416,'皱纹纸','',0,'0.5*25',NULL,1,NULL,0,NULL,NULL,NULL,NULL,NULL),(417,'热缩带0.5*100','',0,'0.5*100',NULL,1,NULL,0,NULL,NULL,NULL,NULL,NULL),(418,'直纹布带','',0,'',NULL,1,NULL,0,NULL,NULL,NULL,NULL,NULL),(419,'接线端子STR-35','9ZT.570.015.1',0,'紫铜T2',NULL,1,NULL,0,NULL,NULL,NULL,NULL,NULL),(420,'端子套I型    80','',0,'',NULL,1,NULL,0,NULL,NULL,NULL,NULL,NULL),(421,'端子套I型    100','',0,'',NULL,1,NULL,0,NULL,NULL,NULL,NULL,NULL),(422,'导线夹','8ZT.111.0281.005',0,'40层压木',NULL,1,NULL,0,NULL,NULL,NULL,NULL,NULL),(423,'绝缘螺母','HKFRPA-LMH005',0,'',NULL,1,NULL,0,NULL,NULL,NULL,NULL,NULL),(424,'绝缘螺母','HKFRPA-LMB008',0,'',NULL,1,NULL,0,NULL,NULL,NULL,NULL,NULL),(425,'导线夹','8ZT.111.0281.011',0,'层压木',NULL,1,NULL,0,NULL,NULL,NULL,NULL,NULL),(426,'导线夹','8ZT.111.0281.012',0,'层压木',NULL,1,NULL,0,NULL,NULL,NULL,NULL,NULL),(427,'导线夹','8ZT.111.0281.013',0,'层压木',NULL,1,NULL,0,NULL,NULL,NULL,NULL,NULL),(428,'导线夹','8ZT.111.0281.014',0,'层压木',NULL,1,NULL,0,NULL,NULL,NULL,NULL,NULL),(429,'导线夹','8ZT.111.0281.015',0,'层压木',NULL,1,NULL,0,NULL,NULL,NULL,NULL,NULL),(430,'导线夹','8ZT.111.0281.016',0,'层压木',NULL,1,NULL,0,NULL,NULL,NULL,NULL,NULL),(431,'导线夹','8ZT.111.0281.017',0,'层压木',NULL,1,NULL,0,NULL,NULL,NULL,NULL,NULL),(432,'导线夹','8ZT.111.0281.018',0,'层压木',NULL,1,NULL,0,NULL,NULL,NULL,NULL,NULL),(433,'导线夹','8ZT.111.0281.019',0,'层压木',NULL,1,NULL,0,NULL,NULL,NULL,NULL,NULL),(434,'导线夹','8ZT.111.0281.020',0,'层压木',NULL,1,NULL,0,NULL,NULL,NULL,NULL,NULL),(435,'导线夹','8ZT.111.0281.021',0,'层压木',NULL,1,NULL,0,NULL,NULL,NULL,NULL,NULL),(436,'导线夹','8ZT.111.0281.022',0,'层压木',NULL,1,NULL,0,NULL,NULL,NULL,NULL,NULL),(437,'导线夹','8ZT.111.0281.023',0,'',NULL,1,NULL,0,NULL,NULL,NULL,NULL,NULL),(438,'铜排绝缘','5ZT.750.0281.003~005',0,'',NULL,1,NULL,1,NULL,NULL,NULL,NULL,NULL),(439,'导线夹','8ZT.111.0281.025',0,'层压木',NULL,1,NULL,0,NULL,NULL,NULL,NULL,NULL),(440,'导线夹','8ZT.111.0281.026',0,'层压木',NULL,1,NULL,0,NULL,NULL,NULL,NULL,NULL),(441,'无励磁分接开关','WST II 250/35-6X5Z',0,'',NULL,1,NULL,0,NULL,NULL,NULL,NULL,NULL),(442,'导线夹','8ZT.111.0281.029',0,'',NULL,1,NULL,0,NULL,NULL,NULL,NULL,NULL),(443,'隔板','8ZT.751.0281.001',0,'5mm绝缘纸板',NULL,1,NULL,0,NULL,NULL,NULL,NULL,NULL),(444,'隔板','8ZT.751.0281.002',0,'5mm绝缘纸板',NULL,1,NULL,0,NULL,NULL,NULL,NULL,NULL),(445,'导线夹','8ZT.111.0281.030',0,'层压木',NULL,1,NULL,0,NULL,NULL,NULL,NULL,NULL),(446,'导线夹','8ZT.111.0281.031',0,'层压木',NULL,1,NULL,0,NULL,NULL,NULL,NULL,NULL),(447,'支撑件','8ZT.111.0281.032',0,'层压木',NULL,1,NULL,0,NULL,NULL,NULL,NULL,NULL),(448,'高压调压引线35mm\\U+00B2-3','长约45M',0,'35mm2-3(%%C8.7/%%C14.7)',NULL,1,NULL,0,NULL,NULL,NULL,NULL,NULL),(449,'两通接线端子','50',0,'',NULL,1,NULL,0,NULL,NULL,NULL,NULL,NULL),(450,'铜排绝缘','5ZT.750.0281.006~008',0,'',NULL,1,NULL,1,NULL,NULL,NULL,NULL,NULL),(451,'碟形弹簧 %%c25*%%c12.2*1.5','GB/T1972',0,'',NULL,1,NULL,0,NULL,NULL,NULL,NULL,NULL),(452,'绝缘螺杆 M12x90','HHFRPA-LG003',0,'尼龙',NULL,1,NULL,0,NULL,NULL,NULL,NULL,NULL),(453,'绝缘螺杆 M16x195','HHFRPA-LG004',0,'尼龙',NULL,1,NULL,0,NULL,NULL,NULL,NULL,NULL),(454,'绝缘螺母 M12','HHFRPA-LMH004',0,'尼龙',NULL,1,NULL,0,NULL,NULL,NULL,NULL,NULL),(455,'绝缘螺母 M12','HHFRPA-LMH007',0,'尼龙',NULL,1,NULL,0,NULL,NULL,NULL,NULL,NULL),(456,'绝缘螺母 M16','HHFRPA-LMH005',0,'尼龙',NULL,1,NULL,0,NULL,NULL,NULL,NULL,NULL),(457,'绝缘螺母 M16','HHFRPA-LMH008',0,'尼龙',NULL,1,NULL,0,NULL,NULL,NULL,NULL,NULL),(458,'附绝缘  0.5*100*L','',0,'0.5纸板',NULL,1,NULL,0,NULL,NULL,NULL,NULL,NULL),(459,'耐热皱纹纸','',0,'',NULL,1,NULL,0,NULL,NULL,NULL,NULL,NULL),(460,'热收缩带','',0,'%%C5热收缩管',NULL,1,NULL,0,NULL,NULL,NULL,NULL,NULL),(461,'纸板t=5（A,C相顶梁用）','8ZT.786.0281.001',1.6,'5纸板100/00',NULL,1,NULL,0,NULL,NULL,NULL,NULL,NULL),(462,'纸板100*100*1','',0.1,'1纸板100/00',NULL,1,NULL,0,NULL,NULL,NULL,NULL,NULL),(463,'纸槽280*15','9ZT.786.016',0.2,'2纸板100/00',NULL,1,NULL,0,NULL,NULL,NULL,NULL,NULL),(464,'垫圈%%C60*%%C32*4','9ZT.950.007',0.25,'4钢板Q235B',NULL,1,NULL,0,NULL,NULL,NULL,NULL,NULL),(465,'薄螺母M20-发黑','GB/T6172.1-2000',0,'',NULL,1,NULL,0,NULL,NULL,NULL,NULL,NULL),(466,'尼龙螺栓M10*20','HKFRPA-LJD003',0,'',NULL,1,NULL,0,NULL,NULL,NULL,NULL,NULL),(467,'接地线装配L=200(长度配制)','7ZT.570.002',0,'',NULL,1,NULL,1,NULL,NULL,NULL,NULL,NULL),(468,'铁芯接地引线450*70','7ZT.517.009',0.6,'',NULL,1,NULL,1,NULL,NULL,NULL,NULL,NULL),(469,'拉板绝缘','5ZT.750.0281.001',6,'',NULL,1,NULL,1,NULL,NULL,NULL,NULL,NULL),(470,'绝缘带','',0,'0.17*50无纬带2830-W',NULL,1,NULL,0,NULL,NULL,NULL,NULL,NULL),(471,'铁芯片','',4895,'0.23冷轧硅钢片23RK085',NULL,1,NULL,0,NULL,NULL,NULL,NULL,NULL),(472,'垫板1050*140*6(棱边倒角R2)','',3,'层压木',NULL,1,NULL,0,NULL,NULL,NULL,NULL,NULL),(473,'叠积示意图','7ZT.641.002',0,'',NULL,1,NULL,1,NULL,NULL,NULL,NULL,NULL),(474,'垫块 240*60*20','9ZT.193.024',1.2,'20层压木',NULL,1,NULL,0,NULL,NULL,NULL,NULL,NULL),(475,'纸板 240*60*2','',0.58,'2.0绝缘纸板T4',NULL,1,NULL,0,NULL,NULL,NULL,NULL,NULL),(476,'垫块 140*60*40','',2.14,'40层压木',NULL,1,NULL,0,NULL,NULL,NULL,NULL,NULL),(477,'纸板 140*60*2','',1.2,'2.0绝缘纸板T4',NULL,1,NULL,0,NULL,NULL,NULL,NULL,NULL),(478,'撑条 1020*50*1','9ZT.123.003',0.72,'',NULL,1,NULL,0,NULL,NULL,NULL,NULL,NULL),(479,'收缩带0.25x25','',0,'S-2-0.25x25',NULL,1,NULL,0,NULL,NULL,NULL,NULL,NULL),(480,'皱纹纸0.35x25','',0,'JW50/50-25',NULL,1,NULL,0,NULL,NULL,NULL,NULL,NULL),(481,'垫块 150*60*40','',2.28,'40层压木',NULL,1,NULL,0,NULL,NULL,NULL,NULL,NULL),(482,'纸板 150*60*2','',1.2,'2.0绝缘纸板T4',NULL,1,NULL,0,NULL,NULL,NULL,NULL,NULL),(483,'垫块 140*25*20','',0.59,'20层压木',NULL,1,NULL,0,NULL,NULL,NULL,NULL,NULL),(484,'纸圈   %%C390*%%C493*3','',0,'绝缘纸板T4',NULL,1,NULL,0,NULL,NULL,NULL,NULL,NULL),(485,'垫块  14.5*30*56','9ZT.193.008.1',0,'绝缘纸板T4',NULL,1,NULL,0,NULL,NULL,NULL,NULL,NULL),(486,'纸圈   %%C392*%%C499*3','',0,'环氧玻璃布板',NULL,1,NULL,0,NULL,NULL,NULL,NULL,NULL),(487,'纸圈   %%C390*%%C502*3','',0,'绝缘纸板T4',NULL,1,NULL,0,NULL,NULL,NULL,NULL,NULL),(488,'纸圈   %%C547*%%C695*3','',0,'层压纸板T4',NULL,1,NULL,0,NULL,NULL,NULL,NULL,NULL),(489,'垫块   21*40*73','',0,'纸板T4',NULL,1,NULL,0,NULL,NULL,NULL,NULL,NULL),(490,'纸圈%%C547*%%C695*3','',0,'层压纸板T4',NULL,1,NULL,0,NULL,NULL,NULL,NULL,NULL),(491,'垫块31*40*73','',0,'纸板T4',NULL,1,NULL,0,NULL,NULL,NULL,NULL,NULL),(492,'纸圈 %%c392/%%c714*3','',3,'3.0绝缘纸板T4',NULL,1,NULL,0,NULL,NULL,NULL,NULL,NULL),(493,'垫块','',0.3,'层压纸板T4',NULL,1,NULL,0,NULL,NULL,NULL,NULL,NULL),(494,'垫块','',0.14,'5.0绝缘纸板T4',NULL,1,NULL,0,NULL,NULL,NULL,NULL,NULL),(495,'垫块 160*40*11','',29.92,'层压纸板T4',NULL,1,NULL,0,NULL,NULL,NULL,NULL,NULL),(496,'垫块 160*40*5','',1.36,'5.0绝缘纸板T4',NULL,1,NULL,0,NULL,NULL,NULL,NULL,NULL),(497,'纸圈 %%c392/%%c720*3','',3,'3.0绝缘纸板T4',NULL,1,NULL,0,NULL,NULL,NULL,NULL,NULL),(498,'垫块 164*40*16','',29.92,'层压纸板T4',NULL,1,NULL,0,NULL,NULL,NULL,NULL,NULL),(499,'垫块','',0.13,'3纸板100/00',NULL,1,NULL,0,NULL,NULL,NULL,NULL,NULL),(500,'垫块149.5*20*3','',1.2,'3纸板100/00',NULL,1,NULL,0,NULL,NULL,NULL,NULL,NULL),(501,'纸板1600*120*3','',0.75,'3.0纸板T4',NULL,1,NULL,0,NULL,NULL,NULL,NULL,NULL),(502,'纸板590*220*3','',0.5,'3.0纸板T4',NULL,1,NULL,0,NULL,NULL,NULL,NULL,NULL),(503,'垫块220*30*9','',0.5,'纸板100/00',NULL,1,NULL,0,NULL,NULL,NULL,NULL,NULL),(504,'纸板 2X60','长约2175MM',0,'2mm纸板',NULL,1,NULL,0,NULL,NULL,NULL,NULL,NULL),(505,'垫块 6X20X56','',0,'层压纸板',NULL,1,NULL,0,NULL,NULL,NULL,NULL,NULL),(506,'纸板','见本图',0,'纸板DY100/00',NULL,1,NULL,0,NULL,NULL,NULL,NULL,NULL),(507,'DMD棱格点胶纸','0.18X920X20000',0,'',NULL,1,NULL,0,NULL,NULL,NULL,NULL,NULL),(508,'热缩带','',0,'',NULL,1,NULL,0,NULL,NULL,NULL,NULL,NULL),(509,'纸筒 3x1735x955，n=1,D=525','7ZT.770.001',0,'',NULL,1,NULL,1,NULL,NULL,NULL,NULL,NULL),(510,'撑条 7 *955','9ZT.123.002.1',0,'纸板T4',NULL,1,NULL,0,NULL,NULL,NULL,NULL,NULL),(511,'垫块 1.5x30x88','9ZT.193.002.1',0,'纸板T4',NULL,1,NULL,0,NULL,NULL,NULL,NULL,NULL),(512,'内挡油纸圈 %%C532*%%C693*8*22,16','9ZT.751.005',0,'',NULL,1,NULL,0,NULL,NULL,NULL,NULL,NULL),(513,'外挡油纸圈 %%C547*%%C712*9*20,16','9ZT.751.006',0,'',NULL,1,NULL,0,NULL,NULL,NULL,NULL,NULL),(514,'撑条  8x15x1;955','9ZT.123.061',0,'纸板T4',NULL,1,NULL,0,NULL,NULL,NULL,NULL,NULL),(515,'扇形垫块 272.5/352.5/138/168x3,40','9ZT.193.025',0,'',NULL,1,NULL,0,NULL,NULL,NULL,NULL,NULL),(516,'纸槽 10x100','9ZT.786.001',0,'',NULL,1,NULL,0,NULL,NULL,NULL,NULL,NULL),(517,'纸包铝导线','',0,'ZLB-0.4  2.6*8.1',NULL,1,NULL,0,NULL,NULL,NULL,NULL,NULL),(518,'纸包铝导线','',0,'ZLB-0.7   2.1*8.6',NULL,1,NULL,0,NULL,NULL,NULL,NULL,NULL),(519,'小角环  8.5*8.5*1200/16','9ZT.759.011',0,'',NULL,1,NULL,0,NULL,NULL,NULL,NULL,NULL),(520,'纸垫条1x8x1500','',0,'纸板100/00',NULL,1,NULL,0,NULL,NULL,NULL,NULL,NULL),(521,'绝缘皱纹纸0.05X20','',0,'',NULL,1,NULL,0,NULL,NULL,NULL,NULL,NULL),(522,'直纹布带0.25X25','',0,'',NULL,1,NULL,0,NULL,NULL,NULL,NULL,NULL),(523,'纸垫条1x9x1500','',0,'纸板100/00',NULL,1,NULL,0,NULL,NULL,NULL,NULL,NULL),(524,'换位纸板 18（8）*138（60）','9ZT.751.002',0,'纸板100/00',NULL,1,NULL,0,NULL,NULL,NULL,NULL,NULL),(525,'铝箔','1.5X430',211.4,'',NULL,1,NULL,0,NULL,NULL,NULL,NULL,NULL),(526,'DMD棱格点胶纸','0.18X450X80000',0,'',NULL,1,NULL,0,NULL,NULL,NULL,NULL,NULL),(527,'玻璃纤维拉拔件','4X10X450',0,'',NULL,1,NULL,0,NULL,NULL,NULL,NULL,NULL),(528,'预浸纸DMD','0.5X12.5X56000',0,'',NULL,1,NULL,0,NULL,NULL,NULL,NULL,NULL),(529,'DMD棱格点胶纸','0.18X130X465',0,'',NULL,1,NULL,0,NULL,NULL,NULL,NULL,NULL),(530,'无纬玻璃丝带','',0,'',NULL,1,NULL,0,NULL,NULL,NULL,NULL,NULL),(531,'皱纹纸 0.35X25','',0,'JW50/50-25',NULL,1,NULL,0,NULL,NULL,NULL,NULL,NULL),(532,'收缩带 0.25X25','',0,'S-2-0.25x25',NULL,1,NULL,0,NULL,NULL,NULL,NULL,NULL);

/*Table structure for table `artifactdetail` */

DROP TABLE IF EXISTS `artifactdetail`;

CREATE TABLE `artifactdetail` (
  `detailId` bigint(20) NOT NULL AUTO_INCREMENT,
  `parentArtifactId` bigint(20) DEFAULT NULL COMMENT '上层工件ID',
  `artifactId` bigint(20) DEFAULT NULL,
  `number` int(11) NOT NULL DEFAULT '1' COMMENT '数量',
  `needSplit` tinyint(1) NOT NULL DEFAULT '0' COMMENT '明细表中的此工件是否需要继续分解（获取其下一级明细）',
  `dimension` varchar(255) DEFAULT NULL COMMENT '参考尺寸（会签）',
  `unit` varchar(255) DEFAULT NULL COMMENT '单位（会签）',
  `quota` varchar(255) DEFAULT NULL COMMENT '定额（会签）',
  `workingSteps` varchar(255) DEFAULT NULL COMMENT '工序（会签）',
  `classificationSign` varchar(255) DEFAULT NULL COMMENT '分类标识（会签）',
  `processSign` varchar(255) DEFAULT NULL COMMENT '处理标志（会签）',
  `inspector` varchar(50) DEFAULT NULL COMMENT '会签人',
  `detailMemo` varchar(255) DEFAULT NULL COMMENT '备注',
  `create_time` datetime DEFAULT NULL,
  `create_by` varchar(255) DEFAULT NULL,
  `update_time` datetime DEFAULT NULL,
  `update_by` varchar(255) DEFAULT NULL,
  PRIMARY KEY (`detailId`),
  KEY `FK_artifact_master` (`parentArtifactId`),
  KEY `FK_artifact_slave` (`artifactId`),
  CONSTRAINT `FK_artifact_master` FOREIGN KEY (`parentArtifactId`) REFERENCES `artifact` (`artifactId`),
  CONSTRAINT `FK_artifact_slave` FOREIGN KEY (`artifactId`) REFERENCES `artifact` (`artifactId`)
) ENGINE=InnoDB AUTO_INCREMENT=676 DEFAULT CHARSET=utf8;

/*Data for the table `artifactdetail` */

insert  into `artifactdetail`(`detailId`,`parentArtifactId`,`artifactId`,`number`,`needSplit`,`dimension`,`unit`,`quota`,`workingSteps`,`classificationSign`,`processSign`,`inspector`,`detailMemo`,`create_time`,`create_by`,`update_time`,`update_by`) values (1,1,23,1,0,'10*10*10','kg','1.00','器身','1',NULL,'admin','',NULL,NULL,NULL,NULL),(2,1,24,1,0,'10*10*10','kg','2.00','绝缘',NULL,NULL,'admin','(特殊情况时见联络单)',NULL,NULL,NULL,NULL),(3,1,25,1,0,'10*10*10','kg','9.02','总装',NULL,NULL,'admin','(带外壳时不用)',NULL,NULL,NULL,NULL),(4,1,26,1,0,NULL,NULL,NULL,NULL,NULL,NULL,NULL,'(带外壳时不用)',NULL,NULL,NULL,NULL),(5,1,27,4,0,NULL,NULL,NULL,NULL,NULL,NULL,NULL,'',NULL,NULL,NULL,NULL),(6,1,15,1,1,NULL,NULL,NULL,NULL,NULL,NULL,NULL,'',NULL,NULL,NULL,NULL),(7,1,19,3,1,NULL,NULL,NULL,NULL,NULL,NULL,NULL,'',NULL,NULL,NULL,NULL),(8,1,22,3,1,NULL,NULL,NULL,NULL,NULL,NULL,NULL,'',NULL,NULL,NULL,NULL),(9,1,18,1,0,NULL,NULL,NULL,NULL,NULL,NULL,NULL,'',NULL,NULL,NULL,NULL),(10,1,28,12,0,NULL,NULL,NULL,NULL,NULL,NULL,NULL,'',NULL,NULL,NULL,NULL),(11,1,29,0,0,NULL,NULL,NULL,NULL,NULL,NULL,NULL,'现场配置',NULL,NULL,NULL,NULL),(12,1,30,12,0,NULL,NULL,NULL,NULL,NULL,NULL,NULL,'',NULL,NULL,NULL,NULL),(13,1,31,12,0,NULL,NULL,NULL,NULL,NULL,NULL,NULL,'',NULL,NULL,NULL,NULL),(14,1,32,12,0,NULL,NULL,NULL,NULL,NULL,NULL,NULL,'',NULL,NULL,NULL,NULL),(15,1,33,3,0,NULL,NULL,NULL,NULL,NULL,NULL,NULL,'搭接100双面胶封口',NULL,NULL,NULL,NULL),(16,1,34,12,0,NULL,NULL,NULL,NULL,NULL,NULL,NULL,'',NULL,NULL,NULL,NULL),(17,1,35,24,0,NULL,NULL,NULL,NULL,NULL,NULL,NULL,'配做塞紧套装间隙',NULL,NULL,NULL,NULL),(18,1,36,6,0,NULL,NULL,NULL,NULL,NULL,NULL,NULL,'',NULL,NULL,NULL,NULL),(19,1,37,24,0,NULL,NULL,NULL,NULL,NULL,NULL,NULL,'',NULL,NULL,NULL,NULL),(20,1,38,24,0,NULL,NULL,NULL,NULL,NULL,NULL,NULL,'',NULL,NULL,NULL,NULL),(21,1,39,24,0,NULL,NULL,NULL,NULL,NULL,NULL,NULL,'',NULL,NULL,NULL,NULL),(22,1,40,1,0,NULL,NULL,NULL,NULL,NULL,NULL,NULL,'高压A/B/C相序标识',NULL,NULL,NULL,NULL),(23,1,41,1,0,NULL,NULL,NULL,NULL,NULL,NULL,NULL,'低压a/b/c/0相序标识',NULL,NULL,NULL,NULL),(24,1,42,1,0,NULL,NULL,NULL,NULL,NULL,NULL,NULL,'小心有电',NULL,NULL,NULL,NULL),(25,1,43,1,0,NULL,NULL,NULL,NULL,NULL,NULL,NULL,'分接标识',NULL,NULL,NULL,NULL),(26,1,44,1,0,NULL,NULL,NULL,NULL,NULL,NULL,NULL,'接地标识',NULL,NULL,NULL,NULL),(27,1,45,1,0,NULL,NULL,NULL,NULL,NULL,NULL,NULL,'',NULL,NULL,NULL,NULL),(28,1,46,2,0,NULL,NULL,NULL,NULL,NULL,NULL,NULL,'',NULL,NULL,NULL,NULL),(29,1,47,1,0,NULL,NULL,NULL,NULL,NULL,NULL,NULL,'',NULL,NULL,NULL,NULL),(30,1,48,0,0,NULL,NULL,NULL,NULL,NULL,NULL,NULL,'',NULL,NULL,NULL,NULL),(31,10,49,1,0,NULL,NULL,NULL,NULL,NULL,NULL,NULL,'',NULL,NULL,NULL,NULL),(32,10,50,3,0,NULL,NULL,NULL,NULL,NULL,NULL,NULL,'',NULL,NULL,NULL,NULL),(33,10,51,2,0,NULL,NULL,NULL,NULL,NULL,NULL,NULL,'',NULL,NULL,NULL,NULL),(34,10,52,6,0,NULL,NULL,NULL,NULL,NULL,NULL,NULL,'',NULL,NULL,NULL,NULL),(35,10,53,3,0,NULL,NULL,NULL,NULL,NULL,NULL,NULL,'',NULL,NULL,NULL,NULL),(36,11,49,1,0,NULL,NULL,NULL,NULL,NULL,NULL,NULL,'',NULL,NULL,NULL,NULL),(37,11,54,3,0,NULL,NULL,NULL,NULL,NULL,NULL,NULL,'',NULL,NULL,NULL,NULL),(38,11,51,2,0,NULL,NULL,NULL,NULL,NULL,NULL,NULL,'',NULL,NULL,NULL,NULL),(39,11,52,6,0,NULL,NULL,NULL,NULL,NULL,NULL,NULL,'',NULL,NULL,NULL,NULL),(40,11,53,3,0,NULL,NULL,NULL,NULL,NULL,NULL,NULL,'',NULL,NULL,NULL,NULL),(41,12,55,1,0,NULL,NULL,NULL,NULL,NULL,NULL,NULL,'',NULL,NULL,NULL,NULL),(42,12,56,6,0,NULL,NULL,NULL,NULL,NULL,NULL,NULL,'见图',NULL,NULL,NULL,NULL),(43,12,57,6,0,NULL,NULL,NULL,NULL,NULL,NULL,NULL,'见图',NULL,NULL,NULL,NULL),(44,12,53,3,0,NULL,NULL,NULL,NULL,NULL,NULL,NULL,'',NULL,NULL,NULL,NULL),(45,13,58,14,0,NULL,NULL,NULL,NULL,NULL,NULL,NULL,'',NULL,NULL,NULL,NULL),(46,15,59,1,0,NULL,NULL,NULL,NULL,NULL,NULL,NULL,'',NULL,NULL,NULL,NULL),(47,15,60,1,0,NULL,NULL,NULL,NULL,NULL,NULL,NULL,'',NULL,NULL,NULL,NULL),(48,15,61,1,0,NULL,NULL,NULL,NULL,NULL,NULL,NULL,'',NULL,NULL,NULL,NULL),(49,15,38,1,0,NULL,NULL,NULL,NULL,NULL,NULL,NULL,'',NULL,NULL,NULL,NULL),(50,15,62,4,0,NULL,NULL,NULL,NULL,NULL,NULL,NULL,'',NULL,NULL,NULL,NULL),(51,15,63,4,0,NULL,NULL,NULL,NULL,NULL,NULL,NULL,'',NULL,NULL,NULL,NULL),(52,15,64,0,0,NULL,NULL,NULL,NULL,NULL,NULL,NULL,'',NULL,NULL,NULL,NULL),(53,15,65,8,0,NULL,NULL,NULL,NULL,NULL,NULL,NULL,'',NULL,NULL,NULL,NULL),(54,15,32,8,0,NULL,NULL,NULL,NULL,NULL,NULL,NULL,'',NULL,NULL,NULL,NULL),(55,15,10,1,1,NULL,NULL,NULL,NULL,NULL,NULL,NULL,'',NULL,NULL,NULL,NULL),(56,15,11,1,1,NULL,NULL,NULL,NULL,NULL,NULL,NULL,'',NULL,NULL,NULL,NULL),(57,15,13,4,1,NULL,NULL,NULL,NULL,NULL,NULL,NULL,'',NULL,NULL,NULL,NULL),(58,15,66,6,0,NULL,NULL,NULL,NULL,NULL,NULL,NULL,'',NULL,NULL,NULL,NULL),(59,15,67,6,0,NULL,NULL,NULL,NULL,NULL,NULL,NULL,'',NULL,NULL,NULL,NULL),(60,15,68,3,0,NULL,NULL,NULL,NULL,NULL,NULL,NULL,'',NULL,NULL,NULL,NULL),(61,15,12,2,1,NULL,NULL,NULL,NULL,NULL,NULL,NULL,'',NULL,NULL,NULL,NULL),(62,15,30,8,0,NULL,NULL,NULL,NULL,NULL,NULL,NULL,'',NULL,NULL,NULL,NULL),(63,15,69,8,0,NULL,NULL,NULL,NULL,NULL,NULL,NULL,'',NULL,NULL,NULL,NULL),(64,15,70,8,0,NULL,NULL,NULL,NULL,NULL,NULL,NULL,'',NULL,NULL,NULL,NULL),(65,15,14,2,0,NULL,NULL,NULL,NULL,NULL,NULL,NULL,'',NULL,NULL,NULL,NULL),(66,15,71,2,0,NULL,NULL,NULL,NULL,NULL,NULL,NULL,'',NULL,NULL,NULL,NULL),(67,17,16,1,0,NULL,NULL,NULL,NULL,NULL,NULL,NULL,'零线母排',NULL,NULL,'2020-12-23 23:09:48','admin'),(68,17,72,1,0,NULL,NULL,NULL,NULL,NULL,NULL,NULL,'黑(零线）',NULL,NULL,NULL,NULL),(69,17,30,12,0,NULL,NULL,NULL,NULL,NULL,NULL,NULL,'',NULL,NULL,NULL,NULL),(70,17,38,24,0,NULL,NULL,NULL,NULL,NULL,NULL,NULL,'',NULL,NULL,NULL,NULL),(71,17,73,12,0,NULL,NULL,NULL,NULL,NULL,NULL,NULL,'',NULL,NULL,NULL,NULL),(72,17,65,12,0,NULL,NULL,NULL,NULL,NULL,NULL,NULL,'',NULL,NULL,NULL,NULL),(73,17,32,12,0,NULL,NULL,NULL,NULL,NULL,NULL,NULL,'',NULL,NULL,NULL,NULL),(74,17,74,3,0,NULL,NULL,NULL,NULL,NULL,NULL,NULL,'',NULL,NULL,NULL,NULL),(75,17,61,6,0,NULL,NULL,NULL,NULL,NULL,NULL,NULL,'',NULL,NULL,NULL,NULL),(76,17,75,3,0,NULL,NULL,NULL,NULL,NULL,NULL,NULL,'绝缘子对装',NULL,NULL,NULL,NULL),(77,17,76,6,0,NULL,NULL,NULL,NULL,NULL,NULL,NULL,'',NULL,NULL,NULL,NULL),(78,17,77,2,0,NULL,NULL,NULL,NULL,NULL,NULL,NULL,'现场配做',NULL,NULL,NULL,NULL),(79,17,78,1,0,NULL,NULL,NULL,NULL,NULL,NULL,NULL,'现场配做',NULL,NULL,NULL,NULL),(80,17,79,6,0,NULL,NULL,NULL,NULL,NULL,NULL,NULL,'',NULL,NULL,NULL,NULL),(81,17,80,6,0,NULL,NULL,NULL,NULL,NULL,NULL,NULL,'',NULL,NULL,NULL,NULL),(82,17,81,3,0,NULL,NULL,NULL,NULL,NULL,NULL,NULL,'',NULL,NULL,NULL,NULL),(83,17,82,3,0,NULL,NULL,NULL,NULL,NULL,NULL,NULL,'M16/M16',NULL,NULL,NULL,NULL),(84,17,83,3,0,NULL,NULL,NULL,NULL,NULL,NULL,NULL,'',NULL,NULL,NULL,NULL),(85,19,84,2,0,NULL,NULL,NULL,NULL,NULL,NULL,NULL,'大红色',NULL,NULL,NULL,NULL),(86,19,85,1,0,NULL,NULL,NULL,NULL,NULL,NULL,NULL,'膜包布包',NULL,NULL,NULL,NULL),(87,19,86,1,0,NULL,NULL,NULL,NULL,NULL,NULL,NULL,'大红色',NULL,NULL,NULL,NULL),(88,19,87,1,0,NULL,NULL,NULL,NULL,NULL,NULL,NULL,'大红色',NULL,NULL,NULL,NULL),(89,19,88,1,0,NULL,NULL,NULL,NULL,NULL,NULL,NULL,'大红色',NULL,NULL,NULL,NULL),(90,19,89,1,0,NULL,NULL,NULL,NULL,NULL,NULL,NULL,'大红色',NULL,NULL,NULL,NULL),(91,19,90,0,0,NULL,NULL,NULL,NULL,NULL,NULL,NULL,'',NULL,NULL,NULL,NULL),(92,19,91,1,0,NULL,NULL,NULL,NULL,NULL,NULL,NULL,'',NULL,NULL,NULL,NULL),(93,19,92,8,0,NULL,NULL,NULL,NULL,NULL,NULL,NULL,'',NULL,NULL,NULL,NULL),(94,22,38,1,0,NULL,NULL,NULL,NULL,NULL,NULL,NULL,'',NULL,NULL,NULL,NULL),(95,22,39,1,0,NULL,NULL,NULL,NULL,NULL,NULL,NULL,'',NULL,NULL,NULL,NULL),(96,22,93,0,0,NULL,NULL,NULL,NULL,NULL,NULL,NULL,'',NULL,NULL,NULL,NULL),(97,22,94,1,0,NULL,NULL,NULL,NULL,NULL,NULL,NULL,'',NULL,NULL,NULL,NULL),(98,22,20,1,0,NULL,NULL,NULL,NULL,NULL,NULL,NULL,'',NULL,NULL,NULL,NULL),(99,22,95,1,0,NULL,NULL,NULL,NULL,NULL,NULL,NULL,'',NULL,NULL,NULL,NULL),(100,22,96,2,0,NULL,NULL,NULL,NULL,NULL,NULL,NULL,'',NULL,NULL,NULL,NULL),(101,22,97,34,0,NULL,NULL,NULL,NULL,NULL,NULL,NULL,'',NULL,NULL,NULL,NULL),(102,22,98,1,0,NULL,NULL,NULL,NULL,NULL,NULL,NULL,'',NULL,NULL,NULL,NULL),(103,22,99,0,0,NULL,NULL,NULL,NULL,NULL,NULL,NULL,'',NULL,NULL,NULL,NULL),(104,22,21,1,0,NULL,NULL,NULL,NULL,NULL,NULL,NULL,'',NULL,NULL,NULL,NULL),(105,22,100,1,0,NULL,NULL,NULL,NULL,NULL,NULL,NULL,'',NULL,NULL,NULL,NULL),(106,22,61,2,0,NULL,NULL,NULL,NULL,NULL,NULL,NULL,'',NULL,NULL,NULL,NULL),(109,105,130,1,1,NULL,NULL,NULL,NULL,NULL,NULL,NULL,'',NULL,NULL,NULL,NULL),(110,105,158,1,1,NULL,NULL,NULL,NULL,NULL,NULL,NULL,'',NULL,NULL,NULL,NULL),(111,105,156,0,1,NULL,NULL,NULL,NULL,NULL,NULL,NULL,'',NULL,NULL,NULL,NULL),(112,105,170,0,1,NULL,NULL,NULL,NULL,NULL,NULL,NULL,'',NULL,NULL,NULL,NULL),(113,105,174,0,1,NULL,NULL,NULL,NULL,NULL,NULL,NULL,'',NULL,NULL,NULL,NULL),(114,105,154,1,1,NULL,NULL,NULL,NULL,NULL,NULL,NULL,'',NULL,NULL,NULL,NULL),(115,105,155,1,1,NULL,NULL,NULL,NULL,NULL,NULL,NULL,'',NULL,NULL,NULL,NULL),(116,105,258,3,0,NULL,NULL,NULL,NULL,NULL,NULL,NULL,'',NULL,NULL,NULL,NULL),(117,105,30,1,0,NULL,NULL,NULL,NULL,NULL,NULL,NULL,'',NULL,NULL,NULL,NULL),(118,105,271,2,0,NULL,NULL,NULL,NULL,NULL,NULL,NULL,'',NULL,NULL,NULL,NULL),(119,105,272,1,0,NULL,NULL,NULL,NULL,NULL,NULL,NULL,'',NULL,NULL,NULL,NULL),(120,105,65,1,0,NULL,NULL,NULL,NULL,NULL,NULL,NULL,'',NULL,NULL,NULL,NULL),(121,105,120,2,1,NULL,NULL,NULL,NULL,NULL,NULL,NULL,'',NULL,NULL,NULL,NULL),(122,105,273,8,0,NULL,NULL,NULL,NULL,NULL,NULL,NULL,'一半调节',NULL,NULL,NULL,NULL),(123,105,274,8,0,NULL,NULL,NULL,NULL,NULL,NULL,NULL,'一半调节',NULL,NULL,NULL,NULL),(124,105,218,8,0,NULL,NULL,NULL,NULL,NULL,NULL,NULL,'一半调节',NULL,NULL,NULL,NULL),(125,105,269,8,0,NULL,NULL,NULL,NULL,NULL,NULL,NULL,'一半调节',NULL,NULL,NULL,NULL),(126,105,32,8,0,NULL,NULL,NULL,NULL,NULL,NULL,NULL,'',NULL,NULL,NULL,NULL),(127,105,138,1,1,NULL,NULL,NULL,NULL,NULL,NULL,NULL,'',NULL,NULL,NULL,NULL),(128,105,275,0,0,NULL,NULL,NULL,NULL,NULL,NULL,NULL,'',NULL,NULL,NULL,NULL),(129,105,276,1,0,NULL,NULL,NULL,NULL,NULL,NULL,NULL,'',NULL,NULL,NULL,NULL),(130,105,277,0,0,NULL,NULL,NULL,NULL,NULL,NULL,NULL,'',NULL,NULL,NULL,NULL),(131,105,278,0,0,NULL,NULL,NULL,NULL,NULL,NULL,NULL,'',NULL,NULL,NULL,NULL),(132,105,279,0,0,NULL,NULL,NULL,NULL,NULL,NULL,NULL,'',NULL,NULL,NULL,NULL),(133,105,280,0,0,NULL,NULL,NULL,NULL,NULL,NULL,NULL,'',NULL,NULL,NULL,NULL),(134,105,281,2,0,NULL,NULL,NULL,NULL,NULL,NULL,NULL,'',NULL,NULL,NULL,NULL),(135,105,61,3,0,NULL,NULL,NULL,NULL,NULL,NULL,NULL,'',NULL,NULL,NULL,NULL),(136,105,73,3,0,NULL,NULL,NULL,NULL,NULL,NULL,NULL,'',NULL,NULL,NULL,NULL),(137,105,251,1,0,NULL,NULL,NULL,NULL,NULL,NULL,NULL,'',NULL,NULL,NULL,NULL),(138,105,129,1,1,NULL,NULL,NULL,NULL,NULL,NULL,NULL,'',NULL,NULL,NULL,NULL),(139,105,282,8,0,NULL,NULL,NULL,NULL,NULL,NULL,NULL,'',NULL,NULL,NULL,NULL),(140,105,283,3,0,NULL,NULL,NULL,NULL,NULL,NULL,NULL,'',NULL,NULL,NULL,NULL),(141,105,284,0,0,NULL,NULL,NULL,NULL,NULL,NULL,NULL,'',NULL,NULL,NULL,NULL),(142,105,285,46,0,NULL,NULL,NULL,NULL,NULL,NULL,NULL,'',NULL,NULL,NULL,NULL),(143,105,128,1,1,NULL,NULL,NULL,NULL,NULL,NULL,NULL,'',NULL,NULL,NULL,NULL),(144,105,264,1,0,NULL,NULL,NULL,NULL,NULL,NULL,NULL,'',NULL,NULL,NULL,NULL),(145,105,265,1,0,NULL,NULL,NULL,NULL,NULL,NULL,NULL,'',NULL,NULL,NULL,NULL),(146,105,286,4,0,NULL,NULL,NULL,NULL,NULL,NULL,NULL,'英文版',NULL,NULL,NULL,NULL),(147,105,287,2,0,NULL,NULL,NULL,NULL,NULL,NULL,NULL,'英文版',NULL,NULL,NULL,NULL),(148,105,288,1,0,NULL,NULL,NULL,NULL,NULL,NULL,NULL,'',NULL,NULL,NULL,NULL),(149,105,289,1,0,NULL,NULL,NULL,NULL,NULL,NULL,NULL,'英文版',NULL,NULL,NULL,NULL),(150,105,290,6,0,NULL,NULL,NULL,NULL,NULL,NULL,NULL,'',NULL,NULL,NULL,NULL),(151,105,291,0,0,NULL,NULL,NULL,NULL,NULL,NULL,NULL,'',NULL,NULL,NULL,NULL),(152,105,292,1,0,NULL,NULL,NULL,NULL,NULL,NULL,NULL,'福建力得',NULL,NULL,NULL,NULL),(153,105,293,0,0,NULL,NULL,NULL,NULL,NULL,NULL,NULL,'',NULL,NULL,NULL,NULL),(154,105,294,1,0,NULL,NULL,NULL,NULL,NULL,NULL,NULL,'英文版',NULL,NULL,NULL,NULL),(155,105,295,0,0,NULL,NULL,NULL,NULL,NULL,NULL,NULL,'',NULL,NULL,NULL,NULL),(156,105,296,1,0,NULL,NULL,NULL,NULL,NULL,NULL,NULL,'',NULL,NULL,NULL,NULL),(157,105,297,0,0,NULL,NULL,NULL,NULL,NULL,NULL,NULL,'',NULL,NULL,NULL,NULL),(158,105,298,1,0,NULL,NULL,NULL,NULL,NULL,NULL,NULL,'英文版',NULL,NULL,NULL,NULL),(159,105,299,10,1,NULL,NULL,NULL,NULL,NULL,NULL,NULL,'长度配置',NULL,NULL,NULL,NULL),(160,105,300,1,0,NULL,NULL,NULL,NULL,NULL,NULL,NULL,'',NULL,NULL,NULL,NULL),(161,106,301,12,0,NULL,NULL,NULL,NULL,NULL,NULL,NULL,'',NULL,NULL,NULL,NULL),(162,106,222,1,0,NULL,NULL,NULL,NULL,NULL,NULL,NULL,'',NULL,NULL,NULL,NULL),(163,106,302,1,0,NULL,NULL,NULL,NULL,NULL,NULL,NULL,'',NULL,NULL,NULL,NULL),(164,106,178,1,0,NULL,NULL,NULL,NULL,NULL,NULL,NULL,'',NULL,NULL,NULL,NULL),(165,106,125,1,1,NULL,NULL,NULL,NULL,NULL,NULL,NULL,'',NULL,NULL,NULL,NULL),(166,106,303,3,0,NULL,NULL,NULL,NULL,NULL,NULL,NULL,'',NULL,NULL,NULL,NULL),(167,106,304,3,0,NULL,NULL,NULL,NULL,NULL,NULL,NULL,'',NULL,NULL,NULL,NULL),(168,107,305,1,0,NULL,NULL,NULL,NULL,NULL,NULL,NULL,'',NULL,NULL,NULL,NULL),(169,107,175,1,0,NULL,NULL,NULL,NULL,NULL,NULL,NULL,'',NULL,NULL,NULL,NULL),(170,107,108,1,1,NULL,NULL,NULL,NULL,NULL,NULL,NULL,'',NULL,NULL,NULL,NULL),(171,107,176,1,0,NULL,NULL,NULL,NULL,NULL,NULL,NULL,'',NULL,NULL,NULL,NULL),(172,107,306,4,0,NULL,NULL,NULL,NULL,NULL,NULL,NULL,'',NULL,NULL,NULL,NULL),(173,107,307,2,0,NULL,NULL,NULL,NULL,NULL,NULL,NULL,'',NULL,NULL,NULL,NULL),(174,108,177,1,0,NULL,NULL,NULL,NULL,NULL,NULL,NULL,'',NULL,NULL,NULL,NULL),(175,108,179,1,0,NULL,NULL,NULL,NULL,NULL,NULL,NULL,'',NULL,NULL,NULL,NULL),(176,109,308,2,0,NULL,NULL,NULL,NULL,NULL,NULL,NULL,'',NULL,NULL,NULL,NULL),(177,109,309,1,0,NULL,NULL,NULL,NULL,NULL,NULL,NULL,'',NULL,NULL,NULL,NULL),(178,109,310,1,0,NULL,NULL,NULL,NULL,NULL,NULL,NULL,'',NULL,NULL,NULL,NULL),(179,110,311,2,0,NULL,NULL,NULL,NULL,NULL,NULL,NULL,'',NULL,NULL,NULL,NULL),(180,110,312,1,0,NULL,NULL,NULL,NULL,NULL,NULL,NULL,'如图开孔',NULL,NULL,NULL,NULL),(181,110,313,16,0,NULL,NULL,NULL,NULL,NULL,NULL,NULL,'',NULL,NULL,NULL,NULL),(182,111,314,1,0,NULL,NULL,NULL,NULL,NULL,NULL,NULL,'钻孔如图',NULL,NULL,NULL,NULL),(183,111,315,2,0,NULL,NULL,NULL,NULL,NULL,NULL,NULL,'M16螺纹',NULL,NULL,NULL,NULL),(184,111,316,2,0,NULL,NULL,NULL,NULL,NULL,NULL,NULL,'',NULL,NULL,NULL,NULL),(185,112,317,1,0,NULL,NULL,NULL,NULL,NULL,NULL,NULL,'钻孔如图',NULL,NULL,NULL,NULL),(186,112,315,2,0,NULL,NULL,NULL,NULL,NULL,NULL,NULL,'M16螺纹',NULL,NULL,NULL,NULL),(187,112,316,2,0,NULL,NULL,NULL,NULL,NULL,NULL,NULL,'',NULL,NULL,NULL,NULL),(188,113,312,1,0,NULL,NULL,NULL,NULL,NULL,NULL,NULL,'',NULL,NULL,NULL,NULL),(189,114,187,1,0,NULL,NULL,NULL,NULL,NULL,NULL,NULL,'',NULL,NULL,NULL,NULL),(190,114,180,3,0,NULL,NULL,NULL,NULL,NULL,NULL,NULL,'',NULL,NULL,NULL,NULL),(191,114,318,6,0,NULL,NULL,NULL,NULL,NULL,NULL,NULL,'',NULL,NULL,NULL,NULL),(192,114,197,6,0,NULL,NULL,NULL,NULL,NULL,NULL,NULL,'',NULL,NULL,NULL,NULL),(193,114,319,6,0,NULL,NULL,NULL,NULL,NULL,NULL,NULL,'',NULL,NULL,NULL,NULL),(194,114,320,3,0,NULL,NULL,NULL,NULL,NULL,NULL,NULL,'',NULL,NULL,NULL,NULL),(195,114,192,2,0,NULL,NULL,NULL,NULL,NULL,NULL,NULL,'',NULL,NULL,NULL,NULL),(196,114,321,8,0,NULL,NULL,NULL,NULL,NULL,NULL,NULL,'',NULL,NULL,NULL,NULL),(197,114,199,2,0,NULL,NULL,NULL,NULL,NULL,NULL,NULL,'',NULL,NULL,NULL,NULL),(198,114,322,1,0,NULL,NULL,NULL,NULL,NULL,NULL,NULL,'倒角如图',NULL,NULL,NULL,NULL),(199,114,203,1,0,NULL,NULL,NULL,NULL,NULL,NULL,NULL,'',NULL,NULL,NULL,NULL),(200,114,204,1,0,NULL,NULL,NULL,NULL,NULL,NULL,NULL,'',NULL,NULL,NULL,NULL),(201,115,187,1,0,NULL,NULL,NULL,NULL,NULL,NULL,NULL,'',NULL,NULL,NULL,NULL),(202,115,180,3,0,NULL,NULL,NULL,NULL,NULL,NULL,NULL,'',NULL,NULL,NULL,NULL),(203,115,318,6,0,NULL,NULL,NULL,NULL,NULL,NULL,NULL,'',NULL,NULL,NULL,NULL),(204,115,197,6,0,NULL,NULL,NULL,NULL,NULL,NULL,NULL,'',NULL,NULL,NULL,NULL),(205,115,319,6,0,NULL,NULL,NULL,NULL,NULL,NULL,NULL,'',NULL,NULL,NULL,NULL),(206,115,320,3,0,NULL,NULL,NULL,NULL,NULL,NULL,NULL,'',NULL,NULL,NULL,NULL),(207,115,192,2,0,NULL,NULL,NULL,NULL,NULL,NULL,NULL,'',NULL,NULL,NULL,NULL),(208,115,321,8,0,NULL,NULL,NULL,NULL,NULL,NULL,NULL,'',NULL,NULL,NULL,NULL),(209,115,199,2,0,NULL,NULL,NULL,NULL,NULL,NULL,NULL,'',NULL,NULL,NULL,NULL),(210,115,322,1,0,NULL,NULL,NULL,NULL,NULL,NULL,NULL,'倒角如图',NULL,NULL,NULL,NULL),(211,115,203,1,0,NULL,NULL,NULL,NULL,NULL,NULL,NULL,'',NULL,NULL,NULL,NULL),(212,115,204,1,0,NULL,NULL,NULL,NULL,NULL,NULL,NULL,'',NULL,NULL,NULL,NULL),(213,116,188,1,0,NULL,NULL,NULL,NULL,NULL,NULL,NULL,'',NULL,NULL,NULL,NULL),(214,116,198,6,0,NULL,NULL,NULL,NULL,NULL,NULL,NULL,'',NULL,NULL,NULL,NULL),(215,116,320,3,0,NULL,NULL,NULL,NULL,NULL,NULL,NULL,'',NULL,NULL,NULL,NULL),(216,116,181,2,0,NULL,NULL,NULL,NULL,NULL,NULL,NULL,'',NULL,NULL,NULL,NULL),(217,116,197,6,0,NULL,NULL,NULL,NULL,NULL,NULL,NULL,'',NULL,NULL,NULL,NULL),(218,116,319,6,0,NULL,NULL,NULL,NULL,NULL,NULL,NULL,'',NULL,NULL,NULL,NULL),(219,116,192,2,0,NULL,NULL,NULL,NULL,NULL,NULL,NULL,'',NULL,NULL,NULL,NULL),(220,116,321,8,0,NULL,NULL,NULL,NULL,NULL,NULL,NULL,'',NULL,NULL,NULL,NULL),(221,116,199,2,0,NULL,NULL,NULL,NULL,NULL,NULL,NULL,'',NULL,NULL,NULL,NULL),(222,116,322,1,0,NULL,NULL,NULL,NULL,NULL,NULL,NULL,'倒角如图',NULL,NULL,NULL,NULL),(223,116,203,1,0,NULL,NULL,NULL,NULL,NULL,NULL,NULL,'',NULL,NULL,NULL,NULL),(224,117,188,1,0,NULL,NULL,NULL,NULL,NULL,NULL,NULL,'',NULL,NULL,NULL,NULL),(225,117,198,6,0,NULL,NULL,NULL,NULL,NULL,NULL,NULL,'',NULL,NULL,NULL,NULL),(226,117,320,3,0,NULL,NULL,NULL,NULL,NULL,NULL,NULL,'',NULL,NULL,NULL,NULL),(227,117,181,2,0,NULL,NULL,NULL,NULL,NULL,NULL,NULL,'',NULL,NULL,NULL,NULL),(228,117,197,6,0,NULL,NULL,NULL,NULL,NULL,NULL,NULL,'',NULL,NULL,NULL,NULL),(229,117,319,6,0,NULL,NULL,NULL,NULL,NULL,NULL,NULL,'',NULL,NULL,NULL,NULL),(230,117,192,2,0,NULL,NULL,NULL,NULL,NULL,NULL,NULL,'',NULL,NULL,NULL,NULL),(231,117,321,8,0,NULL,NULL,NULL,NULL,NULL,NULL,NULL,'',NULL,NULL,NULL,NULL),(232,117,199,2,0,NULL,NULL,NULL,NULL,NULL,NULL,NULL,'',NULL,NULL,NULL,NULL),(233,117,322,1,0,NULL,NULL,NULL,NULL,NULL,NULL,NULL,'倒角如图',NULL,NULL,NULL,NULL),(234,117,203,1,0,NULL,NULL,NULL,NULL,NULL,NULL,NULL,'',NULL,NULL,NULL,NULL),(235,118,323,1,0,NULL,NULL,NULL,NULL,NULL,NULL,NULL,'',NULL,NULL,NULL,NULL),(236,118,324,2,0,NULL,NULL,NULL,NULL,NULL,NULL,NULL,'钻孔如图',NULL,NULL,NULL,NULL),(237,118,318,2,0,NULL,NULL,NULL,NULL,NULL,NULL,NULL,'',NULL,NULL,NULL,NULL),(238,119,325,2,0,NULL,NULL,NULL,NULL,NULL,NULL,NULL,'钻孔如图',NULL,NULL,NULL,NULL),(239,119,326,2,0,NULL,NULL,NULL,NULL,NULL,NULL,NULL,'',NULL,NULL,NULL,NULL),(240,119,327,1,0,NULL,NULL,NULL,NULL,NULL,NULL,NULL,'',NULL,NULL,NULL,NULL),(241,120,312,2,0,NULL,NULL,NULL,NULL,NULL,NULL,NULL,'如图开孔',NULL,NULL,NULL,NULL),(242,121,191,1,0,NULL,NULL,NULL,NULL,NULL,NULL,NULL,'',NULL,NULL,NULL,NULL),(243,121,328,2,0,NULL,NULL,NULL,NULL,NULL,NULL,NULL,'',NULL,NULL,NULL,NULL),(244,121,329,0,0,NULL,NULL,NULL,NULL,NULL,NULL,NULL,'',NULL,NULL,NULL,NULL),(245,121,330,8,0,NULL,NULL,NULL,NULL,NULL,NULL,NULL,'',NULL,NULL,NULL,NULL),(246,121,331,24,0,NULL,NULL,NULL,NULL,NULL,NULL,NULL,'',NULL,NULL,NULL,NULL),(247,121,332,18,0,NULL,NULL,NULL,NULL,NULL,NULL,NULL,'按项6开孔',NULL,NULL,NULL,NULL),(248,121,333,12,0,NULL,NULL,NULL,NULL,NULL,NULL,NULL,'配剪',NULL,NULL,NULL,NULL),(249,122,334,1,0,NULL,NULL,NULL,NULL,NULL,NULL,NULL,'中心展开长396',NULL,NULL,NULL,NULL),(250,122,335,1,0,NULL,NULL,NULL,NULL,NULL,NULL,NULL,'发黑',NULL,NULL,NULL,NULL),(251,122,336,1,0,NULL,NULL,NULL,NULL,NULL,NULL,NULL,'发黑',NULL,NULL,NULL,NULL),(252,123,246,1,0,NULL,NULL,NULL,NULL,NULL,NULL,NULL,'',NULL,NULL,NULL,NULL),(253,123,227,1,0,NULL,NULL,NULL,NULL,NULL,NULL,NULL,'',NULL,NULL,NULL,NULL),(254,123,337,1,0,NULL,NULL,NULL,NULL,NULL,NULL,NULL,'',NULL,NULL,NULL,NULL),(255,123,338,4,0,NULL,NULL,NULL,NULL,NULL,NULL,NULL,'',NULL,NULL,NULL,NULL),(256,123,339,4,0,NULL,NULL,NULL,NULL,NULL,NULL,NULL,'',NULL,NULL,NULL,NULL),(257,123,340,12,0,NULL,NULL,NULL,NULL,NULL,NULL,NULL,'',NULL,NULL,NULL,NULL),(258,124,229,1,0,NULL,NULL,NULL,NULL,NULL,NULL,NULL,'',NULL,NULL,NULL,NULL),(259,124,312,1,0,NULL,NULL,NULL,NULL,NULL,NULL,NULL,'',NULL,NULL,NULL,NULL),(260,124,341,1,0,NULL,NULL,NULL,NULL,NULL,NULL,NULL,'',NULL,NULL,NULL,NULL),(261,124,342,4,0,NULL,NULL,NULL,NULL,NULL,NULL,NULL,'',NULL,NULL,NULL,NULL),(262,124,340,20,0,NULL,NULL,NULL,NULL,NULL,NULL,NULL,'',NULL,NULL,NULL,NULL),(263,124,339,4,0,NULL,NULL,NULL,NULL,NULL,NULL,NULL,'',NULL,NULL,NULL,NULL),(264,125,230,1,0,NULL,NULL,NULL,NULL,NULL,NULL,NULL,'',NULL,NULL,NULL,NULL),(265,125,248,1,0,NULL,NULL,NULL,NULL,NULL,NULL,NULL,'',NULL,NULL,NULL,NULL),(266,125,343,1,0,NULL,NULL,NULL,NULL,NULL,NULL,NULL,'',NULL,NULL,NULL,NULL),(267,125,342,10,0,NULL,NULL,NULL,NULL,NULL,NULL,NULL,'',NULL,NULL,NULL,NULL),(268,125,339,10,0,NULL,NULL,NULL,NULL,NULL,NULL,NULL,'',NULL,NULL,NULL,NULL),(269,125,340,10,0,NULL,NULL,NULL,NULL,NULL,NULL,NULL,'',NULL,NULL,NULL,NULL),(270,126,247,1,0,NULL,NULL,NULL,NULL,NULL,NULL,NULL,'',NULL,NULL,NULL,NULL),(271,126,344,2,1,NULL,NULL,NULL,NULL,NULL,NULL,NULL,'',NULL,NULL,NULL,NULL),(272,126,223,1,0,NULL,NULL,NULL,NULL,NULL,NULL,NULL,'',NULL,NULL,NULL,NULL),(273,126,345,4,0,NULL,NULL,NULL,NULL,NULL,NULL,NULL,'',NULL,NULL,NULL,NULL),(274,126,346,8,0,NULL,NULL,NULL,NULL,NULL,NULL,NULL,'',NULL,NULL,NULL,NULL),(275,127,220,1,0,NULL,NULL,NULL,NULL,NULL,NULL,NULL,'',NULL,NULL,NULL,NULL),(276,127,109,1,1,NULL,NULL,NULL,NULL,NULL,NULL,NULL,'',NULL,NULL,NULL,NULL),(277,128,221,1,0,NULL,NULL,NULL,NULL,NULL,NULL,NULL,'',NULL,NULL,NULL,NULL),(278,128,110,1,1,NULL,NULL,NULL,NULL,NULL,NULL,NULL,'',NULL,NULL,NULL,NULL),(279,128,345,1,0,NULL,NULL,NULL,NULL,NULL,NULL,NULL,'',NULL,NULL,NULL,NULL),(280,128,302,1,0,NULL,NULL,NULL,NULL,NULL,NULL,NULL,'',NULL,NULL,NULL,NULL),(281,128,312,1,0,NULL,NULL,NULL,NULL,NULL,NULL,NULL,'',NULL,NULL,NULL,NULL),(282,128,73,16,0,NULL,NULL,NULL,NULL,NULL,NULL,NULL,'',NULL,NULL,NULL,NULL),(283,128,65,16,0,NULL,NULL,NULL,NULL,NULL,NULL,NULL,'',NULL,NULL,NULL,NULL),(284,128,32,16,0,NULL,NULL,NULL,NULL,NULL,NULL,NULL,'',NULL,NULL,NULL,NULL),(285,128,271,16,0,NULL,NULL,NULL,NULL,NULL,NULL,NULL,'',NULL,NULL,NULL,NULL),(286,128,185,1,0,NULL,NULL,NULL,NULL,NULL,NULL,NULL,'',NULL,NULL,NULL,NULL),(287,128,186,1,0,NULL,NULL,NULL,NULL,NULL,NULL,NULL,'',NULL,NULL,NULL,NULL),(288,129,211,1,0,NULL,NULL,NULL,NULL,NULL,NULL,NULL,'',NULL,NULL,NULL,NULL),(289,129,212,4,0,NULL,NULL,NULL,NULL,NULL,NULL,NULL,'',NULL,NULL,NULL,NULL),(290,129,302,1,0,NULL,NULL,NULL,NULL,NULL,NULL,NULL,'',NULL,NULL,NULL,NULL),(291,129,131,8,1,NULL,NULL,NULL,NULL,NULL,NULL,NULL,'',NULL,NULL,NULL,NULL),(292,129,346,2,0,NULL,NULL,NULL,NULL,NULL,NULL,NULL,'',NULL,NULL,NULL,NULL),(293,129,347,2,0,NULL,NULL,NULL,NULL,NULL,NULL,NULL,'与上节配焊',NULL,NULL,NULL,NULL),(294,129,132,1,1,NULL,NULL,NULL,NULL,NULL,NULL,NULL,'',NULL,NULL,NULL,NULL),(295,129,249,1,0,NULL,NULL,NULL,NULL,NULL,NULL,NULL,'',NULL,NULL,NULL,NULL),(296,129,348,1,1,NULL,NULL,NULL,NULL,NULL,NULL,NULL,'',NULL,NULL,NULL,NULL),(297,129,349,1,1,NULL,NULL,NULL,NULL,NULL,NULL,NULL,'',NULL,NULL,NULL,NULL),(298,129,123,1,1,NULL,NULL,NULL,NULL,NULL,NULL,NULL,'',NULL,NULL,NULL,NULL),(299,129,304,1,0,NULL,NULL,NULL,NULL,NULL,NULL,NULL,'',NULL,NULL,NULL,NULL),(300,129,350,4,0,NULL,NULL,NULL,NULL,NULL,NULL,NULL,'',NULL,NULL,NULL,NULL),(301,130,209,2,0,NULL,NULL,NULL,NULL,NULL,NULL,NULL,'',NULL,NULL,NULL,NULL),(302,130,107,1,1,NULL,NULL,NULL,NULL,NULL,NULL,NULL,'',NULL,NULL,NULL,NULL),(303,130,189,1,0,NULL,NULL,NULL,NULL,NULL,NULL,NULL,'',NULL,NULL,NULL,NULL),(304,130,210,1,0,NULL,NULL,NULL,NULL,NULL,NULL,NULL,'',NULL,NULL,NULL,NULL),(305,130,106,1,1,NULL,NULL,NULL,NULL,NULL,NULL,NULL,'',NULL,NULL,NULL,NULL),(306,130,124,8,1,NULL,NULL,NULL,NULL,NULL,NULL,NULL,'',NULL,NULL,NULL,NULL),(307,130,205,4,0,NULL,NULL,NULL,NULL,NULL,NULL,NULL,'',NULL,NULL,NULL,NULL),(308,130,182,1,0,NULL,NULL,NULL,NULL,NULL,NULL,NULL,'',NULL,NULL,NULL,NULL),(309,130,127,1,1,NULL,NULL,NULL,NULL,NULL,NULL,NULL,'',NULL,NULL,NULL,NULL),(310,130,351,2,0,NULL,NULL,NULL,NULL,NULL,NULL,NULL,'',NULL,NULL,NULL,NULL),(311,130,304,10,0,NULL,NULL,NULL,NULL,NULL,NULL,NULL,'',NULL,NULL,NULL,NULL),(312,130,206,4,0,NULL,NULL,NULL,NULL,NULL,NULL,NULL,'',NULL,NULL,NULL,NULL),(313,130,207,16,0,NULL,NULL,NULL,NULL,NULL,NULL,NULL,'',NULL,NULL,NULL,NULL),(314,130,215,1,0,NULL,NULL,NULL,NULL,NULL,NULL,NULL,'焊于低压内侧',NULL,NULL,NULL,NULL),(315,130,346,2,0,NULL,NULL,NULL,NULL,NULL,NULL,NULL,'',NULL,NULL,NULL,NULL),(316,130,352,1,1,NULL,NULL,NULL,NULL,NULL,NULL,NULL,'',NULL,NULL,NULL,NULL),(317,130,353,1,0,NULL,NULL,NULL,NULL,NULL,NULL,NULL,'箱壁配开孔',NULL,NULL,NULL,NULL),(318,130,354,1,1,NULL,NULL,NULL,NULL,NULL,NULL,NULL,'',NULL,NULL,NULL,NULL),(319,130,140,2,1,NULL,NULL,NULL,NULL,NULL,NULL,NULL,'',NULL,NULL,NULL,NULL),(320,130,355,1,0,NULL,NULL,NULL,NULL,NULL,NULL,NULL,'',NULL,NULL,NULL,NULL),(321,130,181,4,0,NULL,NULL,NULL,NULL,NULL,NULL,NULL,'注意孔方向',NULL,NULL,NULL,NULL),(322,130,245,4,0,NULL,NULL,NULL,NULL,NULL,NULL,NULL,'',NULL,NULL,NULL,NULL),(323,130,347,2,0,NULL,NULL,NULL,NULL,NULL,NULL,NULL,'与上节配焊',NULL,NULL,NULL,NULL),(324,130,141,2,1,NULL,NULL,NULL,NULL,NULL,NULL,NULL,'',NULL,NULL,NULL,NULL),(325,130,356,2,0,NULL,NULL,NULL,NULL,NULL,NULL,NULL,'密封吊板用',NULL,NULL,NULL,NULL),(326,130,357,24,0,NULL,NULL,NULL,NULL,NULL,NULL,NULL,'焊缝打磨',NULL,NULL,NULL,NULL),(327,130,358,1,1,NULL,NULL,NULL,NULL,NULL,NULL,NULL,'',NULL,NULL,NULL,NULL),(328,130,208,4,0,NULL,NULL,NULL,NULL,NULL,NULL,NULL,'',NULL,NULL,NULL,NULL),(329,130,359,1,1,NULL,NULL,NULL,NULL,NULL,NULL,NULL,'',NULL,NULL,NULL,NULL),(330,131,360,1,0,NULL,NULL,NULL,NULL,NULL,NULL,NULL,'',NULL,NULL,NULL,NULL),(331,131,231,1,0,NULL,NULL,NULL,NULL,NULL,NULL,NULL,'',NULL,NULL,NULL,NULL),(332,131,361,1,0,NULL,NULL,NULL,NULL,NULL,NULL,NULL,'',NULL,NULL,NULL,NULL),(333,131,362,4,0,NULL,NULL,NULL,NULL,NULL,NULL,NULL,'',NULL,NULL,NULL,NULL),(334,131,363,8,0,NULL,NULL,NULL,NULL,NULL,NULL,NULL,'',NULL,NULL,NULL,NULL),(335,131,339,4,0,NULL,NULL,NULL,NULL,NULL,NULL,NULL,'',NULL,NULL,NULL,NULL),(336,131,341,1,0,NULL,NULL,NULL,NULL,NULL,NULL,NULL,'',NULL,NULL,NULL,NULL),(337,132,224,1,0,NULL,NULL,NULL,NULL,NULL,NULL,NULL,'',NULL,NULL,NULL,NULL),(338,132,364,1,0,NULL,NULL,NULL,NULL,NULL,NULL,NULL,'',NULL,NULL,NULL,NULL),(339,132,365,1,0,NULL,NULL,NULL,NULL,NULL,NULL,NULL,'',NULL,NULL,NULL,NULL),(340,133,366,1,0,NULL,NULL,NULL,NULL,NULL,NULL,NULL,'',NULL,NULL,NULL,NULL),(341,133,337,1,0,NULL,NULL,NULL,NULL,NULL,NULL,NULL,'',NULL,NULL,NULL,NULL),(342,133,342,4,0,NULL,NULL,NULL,NULL,NULL,NULL,NULL,'',NULL,NULL,NULL,NULL),(343,133,367,4,0,NULL,NULL,NULL,NULL,NULL,NULL,NULL,'',NULL,NULL,NULL,NULL),(344,133,340,8,0,NULL,NULL,NULL,NULL,NULL,NULL,NULL,'',NULL,NULL,NULL,NULL),(345,133,339,4,0,NULL,NULL,NULL,NULL,NULL,NULL,NULL,'',NULL,NULL,NULL,NULL),(346,133,368,1,0,NULL,NULL,NULL,NULL,NULL,NULL,NULL,'',NULL,NULL,NULL,NULL),(347,133,369,1,0,NULL,NULL,NULL,NULL,NULL,NULL,NULL,'',NULL,NULL,NULL,NULL),(348,134,312,1,0,NULL,NULL,NULL,NULL,NULL,NULL,NULL,'',NULL,NULL,NULL,NULL),(349,134,370,1,0,NULL,NULL,NULL,NULL,NULL,NULL,NULL,'配割',NULL,NULL,NULL,NULL),(350,134,342,8,0,NULL,NULL,NULL,NULL,NULL,NULL,NULL,'',NULL,NULL,NULL,NULL),(351,134,367,8,0,NULL,NULL,NULL,NULL,NULL,NULL,NULL,'',NULL,NULL,NULL,NULL),(352,134,340,16,0,NULL,NULL,NULL,NULL,NULL,NULL,NULL,'',NULL,NULL,NULL,NULL),(353,134,339,8,0,NULL,NULL,NULL,NULL,NULL,NULL,NULL,'',NULL,NULL,NULL,NULL),(354,134,368,1,0,NULL,NULL,NULL,NULL,NULL,NULL,NULL,'',NULL,NULL,NULL,NULL),(355,134,371,1,0,NULL,NULL,NULL,NULL,NULL,NULL,NULL,'',NULL,NULL,NULL,NULL),(356,134,337,1,0,NULL,NULL,NULL,NULL,NULL,NULL,NULL,'',NULL,NULL,NULL,NULL),(357,134,366,2,0,NULL,NULL,NULL,NULL,NULL,NULL,NULL,'',NULL,NULL,NULL,NULL),(358,135,366,2,0,NULL,NULL,NULL,NULL,NULL,NULL,NULL,'',NULL,NULL,NULL,NULL),(359,135,341,1,0,NULL,NULL,NULL,NULL,NULL,NULL,NULL,'',NULL,NULL,NULL,NULL),(360,135,372,1,0,NULL,NULL,NULL,NULL,NULL,NULL,NULL,'',NULL,NULL,NULL,NULL),(361,135,342,8,0,NULL,NULL,NULL,NULL,NULL,NULL,NULL,'',NULL,NULL,NULL,NULL),(362,135,367,1,0,NULL,NULL,NULL,NULL,NULL,NULL,NULL,'',NULL,NULL,NULL,NULL),(363,135,340,16,0,NULL,NULL,NULL,NULL,NULL,NULL,NULL,'',NULL,NULL,NULL,NULL),(364,135,339,8,0,NULL,NULL,NULL,NULL,NULL,NULL,NULL,'',NULL,NULL,NULL,NULL),(365,135,373,1,0,NULL,NULL,NULL,NULL,NULL,NULL,NULL,'',NULL,NULL,NULL,NULL),(366,135,368,1,0,NULL,NULL,NULL,NULL,NULL,NULL,NULL,'',NULL,NULL,NULL,NULL),(367,135,337,1,0,NULL,NULL,NULL,NULL,NULL,NULL,NULL,'',NULL,NULL,NULL,NULL),(368,136,366,2,0,NULL,NULL,NULL,NULL,NULL,NULL,NULL,'',NULL,NULL,NULL,NULL),(369,136,341,1,0,NULL,NULL,NULL,NULL,NULL,NULL,NULL,'',NULL,NULL,NULL,NULL),(370,136,342,8,0,NULL,NULL,NULL,NULL,NULL,NULL,NULL,'',NULL,NULL,NULL,NULL),(371,136,367,1,0,NULL,NULL,NULL,NULL,NULL,NULL,NULL,'',NULL,NULL,NULL,NULL),(372,136,340,16,0,NULL,NULL,NULL,NULL,NULL,NULL,NULL,'',NULL,NULL,NULL,NULL),(373,136,339,8,0,NULL,NULL,NULL,NULL,NULL,NULL,NULL,'',NULL,NULL,NULL,NULL),(374,136,372,1,0,NULL,NULL,NULL,NULL,NULL,NULL,NULL,'',NULL,NULL,NULL,NULL),(375,136,374,1,0,NULL,NULL,NULL,NULL,NULL,NULL,NULL,'',NULL,NULL,NULL,NULL),(376,136,375,1,0,NULL,NULL,NULL,NULL,NULL,NULL,NULL,'',NULL,NULL,NULL,NULL),(377,136,337,1,0,NULL,NULL,NULL,NULL,NULL,NULL,NULL,'',NULL,NULL,NULL,NULL),(378,136,376,1,0,NULL,NULL,NULL,NULL,NULL,NULL,NULL,'??8',NULL,NULL,NULL,NULL),(379,137,226,1,0,NULL,NULL,NULL,NULL,NULL,NULL,NULL,'',NULL,NULL,NULL,NULL),(380,137,224,1,0,NULL,NULL,NULL,NULL,NULL,NULL,NULL,'引用油箱',NULL,NULL,NULL,NULL),(381,137,377,1,0,NULL,NULL,NULL,NULL,NULL,NULL,NULL,'外购',NULL,NULL,NULL,NULL),(382,138,126,1,1,NULL,NULL,NULL,NULL,NULL,NULL,NULL,'',NULL,NULL,NULL,NULL),(383,138,250,1,0,NULL,NULL,NULL,NULL,NULL,NULL,NULL,'',NULL,NULL,NULL,NULL),(384,138,139,1,1,NULL,NULL,NULL,NULL,NULL,NULL,NULL,'',NULL,NULL,NULL,NULL),(385,138,342,8,0,NULL,NULL,NULL,NULL,NULL,NULL,NULL,'',NULL,NULL,NULL,NULL),(386,138,367,48,0,NULL,NULL,NULL,NULL,NULL,NULL,NULL,'',NULL,NULL,NULL,NULL),(387,138,339,8,0,NULL,NULL,NULL,NULL,NULL,NULL,NULL,'',NULL,NULL,NULL,NULL),(388,138,340,8,0,NULL,NULL,NULL,NULL,NULL,NULL,NULL,'',NULL,NULL,NULL,NULL),(389,138,275,1,0,NULL,NULL,NULL,NULL,NULL,NULL,NULL,'外购',NULL,NULL,NULL,NULL),(390,138,134,1,1,NULL,NULL,NULL,NULL,NULL,NULL,NULL,'',NULL,NULL,NULL,NULL),(391,138,378,3,0,NULL,NULL,NULL,NULL,NULL,NULL,NULL,'',NULL,NULL,NULL,NULL),(392,138,379,4,0,NULL,NULL,NULL,NULL,NULL,NULL,NULL,'',NULL,NULL,NULL,NULL),(393,138,380,6,0,NULL,NULL,NULL,NULL,NULL,NULL,NULL,'',NULL,NULL,NULL,NULL),(394,138,136,1,1,NULL,NULL,NULL,NULL,NULL,NULL,NULL,'',NULL,NULL,NULL,NULL),(395,138,135,1,1,NULL,NULL,NULL,NULL,NULL,NULL,NULL,'',NULL,NULL,NULL,NULL),(396,138,381,1,0,NULL,NULL,NULL,NULL,NULL,NULL,NULL,'',NULL,NULL,NULL,NULL),(397,138,382,1,0,NULL,NULL,NULL,NULL,NULL,NULL,NULL,'',NULL,NULL,NULL,NULL),(398,138,383,4,0,NULL,NULL,NULL,NULL,NULL,NULL,NULL,'',NULL,NULL,NULL,NULL),(399,138,384,8,0,NULL,NULL,NULL,NULL,NULL,NULL,NULL,'',NULL,NULL,NULL,NULL),(400,138,385,2,0,NULL,NULL,NULL,NULL,NULL,NULL,NULL,'',NULL,NULL,NULL,NULL),(401,138,277,1,0,NULL,NULL,NULL,NULL,NULL,NULL,NULL,'',NULL,NULL,NULL,NULL),(402,138,278,1,0,NULL,NULL,NULL,NULL,NULL,NULL,NULL,'',NULL,NULL,NULL,NULL),(403,138,386,1,0,NULL,NULL,NULL,NULL,NULL,NULL,NULL,'',NULL,NULL,NULL,NULL),(404,138,312,1,0,NULL,NULL,NULL,NULL,NULL,NULL,NULL,'',NULL,NULL,NULL,NULL),(405,138,387,1,0,NULL,NULL,NULL,NULL,NULL,NULL,NULL,'沈阳特种',NULL,NULL,NULL,NULL),(406,138,279,1,0,NULL,NULL,NULL,NULL,NULL,NULL,NULL,'',NULL,NULL,NULL,NULL),(407,138,388,1,0,NULL,NULL,NULL,NULL,NULL,NULL,NULL,'',NULL,NULL,NULL,NULL),(408,138,137,1,1,NULL,NULL,NULL,NULL,NULL,NULL,NULL,'',NULL,NULL,NULL,NULL),(409,138,389,8,0,NULL,NULL,NULL,NULL,NULL,NULL,NULL,'',NULL,NULL,NULL,NULL),(410,138,390,8,0,NULL,NULL,NULL,NULL,NULL,NULL,NULL,'',NULL,NULL,NULL,NULL),(411,139,228,1,0,NULL,NULL,NULL,NULL,NULL,NULL,NULL,'',NULL,NULL,NULL,NULL),(412,139,113,1,1,NULL,NULL,NULL,NULL,NULL,NULL,NULL,'',NULL,NULL,NULL,NULL),(413,139,225,1,0,NULL,NULL,NULL,NULL,NULL,NULL,NULL,'',NULL,NULL,NULL,NULL),(414,139,133,1,1,NULL,NULL,NULL,NULL,NULL,NULL,NULL,'',NULL,NULL,NULL,NULL),(415,139,312,1,0,NULL,NULL,NULL,NULL,NULL,NULL,NULL,'',NULL,NULL,NULL,NULL),(416,139,391,1,0,NULL,NULL,NULL,NULL,NULL,NULL,NULL,'',NULL,NULL,NULL,NULL),(417,139,392,1,0,NULL,NULL,NULL,NULL,NULL,NULL,NULL,'',NULL,NULL,NULL,NULL),(418,139,393,2,0,NULL,NULL,NULL,NULL,NULL,NULL,NULL,'配焊',NULL,NULL,NULL,NULL),(419,139,394,6,0,NULL,NULL,NULL,NULL,NULL,NULL,NULL,'配焊',NULL,NULL,NULL,NULL),(420,140,312,2,0,NULL,NULL,NULL,NULL,NULL,NULL,NULL,'',NULL,NULL,NULL,NULL),(421,141,312,2,0,NULL,NULL,NULL,NULL,NULL,NULL,NULL,'',NULL,NULL,NULL,NULL),(422,142,395,1,0,NULL,NULL,NULL,NULL,NULL,NULL,NULL,'',NULL,NULL,NULL,NULL),(423,142,252,1,0,NULL,NULL,NULL,NULL,NULL,NULL,NULL,'L=270',NULL,NULL,NULL,NULL),(424,142,253,1,0,NULL,NULL,NULL,NULL,NULL,NULL,NULL,'L=340',NULL,NULL,NULL,NULL),(425,143,396,1,0,NULL,NULL,NULL,NULL,NULL,NULL,NULL,'',NULL,NULL,NULL,NULL),(426,143,252,1,0,NULL,NULL,NULL,NULL,NULL,NULL,NULL,'L=265',NULL,NULL,NULL,NULL),(427,143,253,1,0,NULL,NULL,NULL,NULL,NULL,NULL,NULL,'L=300',NULL,NULL,NULL,NULL),(428,144,256,2,0,NULL,NULL,NULL,NULL,NULL,NULL,NULL,'',NULL,NULL,NULL,NULL),(429,144,252,1,0,NULL,NULL,NULL,NULL,NULL,NULL,NULL,'L=260',NULL,NULL,NULL,NULL),(430,145,397,1,0,NULL,NULL,NULL,NULL,NULL,NULL,NULL,'',NULL,NULL,NULL,NULL),(431,145,252,3,0,NULL,NULL,NULL,NULL,NULL,NULL,NULL,'L=255',NULL,NULL,NULL,NULL),(432,146,398,1,0,NULL,NULL,NULL,NULL,NULL,NULL,NULL,'',NULL,NULL,NULL,NULL),(433,146,252,1,0,NULL,NULL,NULL,NULL,NULL,NULL,NULL,'L=210',NULL,NULL,NULL,NULL),(434,147,399,1,0,NULL,NULL,NULL,NULL,NULL,NULL,NULL,'',NULL,NULL,NULL,NULL),(435,147,252,1,0,NULL,NULL,NULL,NULL,NULL,NULL,NULL,'L=205',NULL,NULL,NULL,NULL),(436,148,400,1,0,NULL,NULL,NULL,NULL,NULL,NULL,NULL,'',NULL,NULL,NULL,NULL),(437,148,252,1,0,NULL,NULL,NULL,NULL,NULL,NULL,NULL,'L=200',NULL,NULL,NULL,NULL),(438,148,257,1,0,NULL,NULL,NULL,NULL,NULL,NULL,NULL,'',NULL,NULL,NULL,NULL),(439,149,401,1,0,NULL,NULL,NULL,NULL,NULL,NULL,NULL,'',NULL,NULL,NULL,NULL),(440,149,252,3,0,NULL,NULL,NULL,NULL,NULL,NULL,NULL,'L=200',NULL,NULL,NULL,NULL),(441,150,402,1,0,NULL,NULL,NULL,NULL,NULL,NULL,NULL,'',NULL,NULL,NULL,NULL),(442,150,253,1,0,NULL,NULL,NULL,NULL,NULL,NULL,NULL,'L=290',NULL,NULL,NULL,NULL),(443,151,403,1,0,NULL,NULL,NULL,NULL,NULL,NULL,NULL,'',NULL,NULL,NULL,NULL),(444,151,253,1,0,NULL,NULL,NULL,NULL,NULL,NULL,NULL,'L=290',NULL,NULL,NULL,NULL),(445,152,404,1,0,NULL,NULL,NULL,NULL,NULL,NULL,NULL,'',NULL,NULL,NULL,NULL),(446,152,253,1,0,NULL,NULL,NULL,NULL,NULL,NULL,NULL,'L=290',NULL,NULL,NULL,NULL),(447,153,405,1,0,NULL,NULL,NULL,NULL,NULL,NULL,NULL,'长110',NULL,NULL,NULL,NULL),(448,153,253,1,0,NULL,NULL,NULL,NULL,NULL,NULL,NULL,'L=240',NULL,NULL,NULL,NULL),(449,154,383,4,0,NULL,NULL,NULL,NULL,NULL,NULL,NULL,'',NULL,NULL,NULL,NULL),(450,154,379,0,0,NULL,NULL,NULL,NULL,NULL,NULL,NULL,'',NULL,NULL,NULL,NULL),(451,154,380,4,0,NULL,NULL,NULL,NULL,NULL,NULL,NULL,'',NULL,NULL,NULL,NULL),(452,154,384,0,0,NULL,NULL,NULL,NULL,NULL,NULL,NULL,'',NULL,NULL,NULL,NULL),(453,154,406,0,0,NULL,NULL,NULL,NULL,NULL,NULL,NULL,'',NULL,NULL,NULL,NULL),(454,154,407,2,0,NULL,NULL,NULL,NULL,NULL,NULL,NULL,'',NULL,NULL,NULL,NULL),(455,154,408,2,0,NULL,NULL,NULL,NULL,NULL,NULL,NULL,'',NULL,NULL,NULL,NULL),(456,154,409,10,0,NULL,NULL,NULL,NULL,NULL,NULL,NULL,'',NULL,NULL,NULL,NULL),(457,154,410,1,0,NULL,NULL,NULL,NULL,NULL,NULL,NULL,'',NULL,NULL,NULL,NULL),(458,154,411,1,0,NULL,NULL,NULL,NULL,NULL,NULL,NULL,'',NULL,NULL,NULL,NULL),(459,154,412,1,0,NULL,NULL,NULL,NULL,NULL,NULL,NULL,'',NULL,NULL,NULL,NULL),(460,154,413,3,0,NULL,NULL,NULL,NULL,NULL,NULL,NULL,'',NULL,NULL,NULL,NULL),(461,154,258,0,0,NULL,NULL,NULL,NULL,NULL,NULL,NULL,'',NULL,NULL,NULL,NULL),(462,154,414,0,0,NULL,NULL,NULL,NULL,NULL,NULL,NULL,'',NULL,NULL,NULL,NULL),(463,154,415,0,0,NULL,NULL,NULL,NULL,NULL,NULL,NULL,'',NULL,NULL,NULL,NULL),(464,154,416,0,0,NULL,NULL,NULL,NULL,NULL,NULL,NULL,'',NULL,NULL,NULL,NULL),(465,154,417,0,0,NULL,NULL,NULL,NULL,NULL,NULL,NULL,'',NULL,NULL,NULL,NULL),(466,154,418,0,0,NULL,NULL,NULL,NULL,NULL,NULL,NULL,'',NULL,NULL,NULL,NULL),(467,154,419,3,0,NULL,NULL,NULL,NULL,NULL,NULL,NULL,'',NULL,NULL,NULL,NULL),(468,154,420,3,0,NULL,NULL,NULL,NULL,NULL,NULL,NULL,'',NULL,NULL,NULL,NULL),(469,154,421,3,0,NULL,NULL,NULL,NULL,NULL,NULL,NULL,'',NULL,NULL,NULL,NULL),(470,154,422,1,0,NULL,NULL,NULL,NULL,NULL,NULL,NULL,'',NULL,NULL,NULL,NULL),(471,154,423,20,0,NULL,NULL,NULL,NULL,NULL,NULL,NULL,'',NULL,NULL,NULL,NULL),(472,154,424,20,0,NULL,NULL,NULL,NULL,NULL,NULL,NULL,'',NULL,NULL,NULL,NULL),(473,155,425,2,0,NULL,NULL,NULL,NULL,NULL,NULL,NULL,'',NULL,NULL,NULL,NULL),(474,155,426,3,0,NULL,NULL,NULL,NULL,NULL,NULL,NULL,'',NULL,NULL,NULL,NULL),(475,155,427,1,0,NULL,NULL,NULL,NULL,NULL,NULL,NULL,'',NULL,NULL,NULL,NULL),(476,155,428,1,0,NULL,NULL,NULL,NULL,NULL,NULL,NULL,'',NULL,NULL,NULL,NULL),(477,155,429,2,0,NULL,NULL,NULL,NULL,NULL,NULL,NULL,'',NULL,NULL,NULL,NULL),(478,155,430,2,0,NULL,NULL,NULL,NULL,NULL,NULL,NULL,'',NULL,NULL,NULL,NULL),(479,155,431,4,0,NULL,NULL,NULL,NULL,NULL,NULL,NULL,'',NULL,NULL,NULL,NULL),(480,155,432,4,0,NULL,NULL,NULL,NULL,NULL,NULL,NULL,'',NULL,NULL,NULL,NULL),(481,155,142,1,1,NULL,NULL,NULL,NULL,NULL,NULL,NULL,'',NULL,NULL,NULL,NULL),(482,155,433,3,0,NULL,NULL,NULL,NULL,NULL,NULL,NULL,'',NULL,NULL,NULL,NULL),(483,155,434,5,0,NULL,NULL,NULL,NULL,NULL,NULL,NULL,'',NULL,NULL,NULL,NULL),(484,155,143,1,1,NULL,NULL,NULL,NULL,NULL,NULL,NULL,'',NULL,NULL,NULL,NULL),(485,155,435,4,0,NULL,NULL,NULL,NULL,NULL,NULL,NULL,'',NULL,NULL,NULL,NULL),(486,155,436,4,0,NULL,NULL,NULL,NULL,NULL,NULL,NULL,'',NULL,NULL,NULL,NULL),(487,155,144,1,1,NULL,NULL,NULL,NULL,NULL,NULL,NULL,'',NULL,NULL,NULL,NULL),(488,155,145,1,1,NULL,NULL,NULL,NULL,NULL,NULL,NULL,'',NULL,NULL,NULL,NULL),(489,155,437,3,0,NULL,NULL,NULL,NULL,NULL,NULL,NULL,'',NULL,NULL,NULL,NULL),(490,155,438,0,1,NULL,NULL,NULL,NULL,NULL,NULL,NULL,'',NULL,NULL,NULL,NULL),(491,155,439,2,0,NULL,NULL,NULL,NULL,NULL,NULL,NULL,'',NULL,NULL,NULL,NULL),(492,155,440,2,0,NULL,NULL,NULL,NULL,NULL,NULL,NULL,'',NULL,NULL,NULL,NULL),(493,155,146,1,1,NULL,NULL,NULL,NULL,NULL,NULL,NULL,'',NULL,NULL,NULL,NULL),(494,155,147,1,1,NULL,NULL,NULL,NULL,NULL,NULL,NULL,'',NULL,NULL,NULL,NULL),(495,155,148,1,1,NULL,NULL,NULL,NULL,NULL,NULL,NULL,'',NULL,NULL,NULL,NULL),(496,155,149,1,1,NULL,NULL,NULL,NULL,NULL,NULL,NULL,'',NULL,NULL,NULL,NULL),(497,155,441,1,0,NULL,NULL,NULL,NULL,NULL,NULL,NULL,'腾龙',NULL,NULL,NULL,NULL),(498,155,150,1,1,NULL,NULL,NULL,NULL,NULL,NULL,NULL,'',NULL,NULL,NULL,NULL),(499,155,151,1,1,NULL,NULL,NULL,NULL,NULL,NULL,NULL,'',NULL,NULL,NULL,NULL),(500,155,152,1,1,NULL,NULL,NULL,NULL,NULL,NULL,NULL,'',NULL,NULL,NULL,NULL),(501,155,153,1,1,NULL,NULL,NULL,NULL,NULL,NULL,NULL,'',NULL,NULL,NULL,NULL),(502,155,442,1,0,NULL,NULL,NULL,NULL,NULL,NULL,NULL,'',NULL,NULL,NULL,NULL),(503,155,443,1,0,NULL,NULL,NULL,NULL,NULL,NULL,NULL,'',NULL,NULL,NULL,NULL),(504,155,444,1,0,NULL,NULL,NULL,NULL,NULL,NULL,NULL,'',NULL,NULL,NULL,NULL),(505,155,445,1,0,NULL,NULL,NULL,NULL,NULL,NULL,NULL,'',NULL,NULL,NULL,NULL),(506,155,446,1,0,NULL,NULL,NULL,NULL,NULL,NULL,NULL,'',NULL,NULL,NULL,NULL),(507,155,447,2,0,NULL,NULL,NULL,NULL,NULL,NULL,NULL,'临时支撑开关用',NULL,NULL,NULL,NULL),(508,155,448,1,0,NULL,NULL,NULL,NULL,NULL,NULL,NULL,'',NULL,NULL,NULL,NULL),(509,155,413,18,0,NULL,NULL,NULL,NULL,NULL,NULL,NULL,'',NULL,NULL,NULL,NULL),(510,155,449,18,0,NULL,NULL,NULL,NULL,NULL,NULL,NULL,'',NULL,NULL,NULL,NULL),(511,155,450,0,1,NULL,NULL,NULL,NULL,NULL,NULL,NULL,'',NULL,NULL,NULL,NULL),(512,155,379,92,0,NULL,NULL,NULL,NULL,NULL,NULL,NULL,'',NULL,NULL,NULL,NULL),(513,155,384,184,0,NULL,NULL,NULL,NULL,NULL,NULL,NULL,'',NULL,NULL,NULL,NULL),(514,155,380,8,0,NULL,NULL,NULL,NULL,NULL,NULL,NULL,'',NULL,NULL,NULL,NULL),(515,155,451,184,0,NULL,NULL,NULL,NULL,NULL,NULL,NULL,'',NULL,NULL,NULL,NULL),(516,155,383,8,0,NULL,NULL,NULL,NULL,NULL,NULL,NULL,'',NULL,NULL,NULL,NULL),(517,155,452,6,0,NULL,NULL,NULL,NULL,NULL,NULL,NULL,'',NULL,NULL,NULL,NULL),(518,155,453,8,0,NULL,NULL,NULL,NULL,NULL,NULL,NULL,'',NULL,NULL,NULL,NULL),(519,155,454,18,0,NULL,NULL,NULL,NULL,NULL,NULL,NULL,'',NULL,NULL,NULL,NULL),(520,155,455,18,0,NULL,NULL,NULL,NULL,NULL,NULL,NULL,'',NULL,NULL,NULL,NULL),(521,155,456,80,0,NULL,NULL,NULL,NULL,NULL,NULL,NULL,'',NULL,NULL,NULL,NULL),(522,155,457,80,0,NULL,NULL,NULL,NULL,NULL,NULL,NULL,'',NULL,NULL,NULL,NULL),(523,155,414,92,0,NULL,NULL,NULL,NULL,NULL,NULL,NULL,'',NULL,NULL,NULL,NULL),(524,155,458,0,0,NULL,NULL,NULL,NULL,NULL,NULL,NULL,'',NULL,NULL,NULL,NULL),(525,155,459,0,0,NULL,NULL,NULL,NULL,NULL,NULL,NULL,'',NULL,NULL,NULL,NULL),(526,155,460,0,0,NULL,NULL,NULL,NULL,NULL,NULL,NULL,'',NULL,NULL,NULL,NULL),(527,156,116,1,1,NULL,NULL,NULL,NULL,NULL,NULL,NULL,'',NULL,NULL,NULL,NULL),(528,156,157,1,1,NULL,NULL,NULL,NULL,NULL,NULL,NULL,'',NULL,NULL,NULL,NULL),(529,156,118,5,1,NULL,NULL,NULL,NULL,NULL,NULL,NULL,'两件用于下夹件',NULL,NULL,NULL,NULL),(530,156,215,10,0,NULL,NULL,NULL,NULL,NULL,NULL,NULL,'',NULL,NULL,NULL,NULL),(531,156,267,10,0,NULL,NULL,NULL,NULL,NULL,NULL,NULL,'',NULL,NULL,NULL,NULL),(532,156,414,3,0,NULL,NULL,NULL,NULL,NULL,NULL,NULL,'',NULL,NULL,NULL,NULL),(533,156,461,10,0,NULL,NULL,NULL,NULL,NULL,NULL,NULL,'顶梁调节用',NULL,NULL,NULL,NULL),(534,156,232,3,0,NULL,NULL,NULL,NULL,NULL,NULL,NULL,'高压侧',NULL,NULL,NULL,NULL),(535,156,233,3,0,NULL,NULL,NULL,NULL,NULL,NULL,NULL,'低压侧',NULL,NULL,NULL,NULL),(536,156,384,6,0,NULL,NULL,NULL,NULL,NULL,NULL,NULL,'',NULL,NULL,NULL,NULL),(537,156,406,6,0,NULL,NULL,NULL,NULL,NULL,NULL,NULL,'',NULL,NULL,NULL,NULL),(538,156,119,4,1,NULL,NULL,NULL,NULL,NULL,NULL,NULL,'',NULL,NULL,NULL,NULL),(539,156,261,15,0,NULL,NULL,NULL,NULL,NULL,NULL,NULL,'侧梁调节用',NULL,NULL,NULL,NULL),(540,156,234,4,0,NULL,NULL,NULL,NULL,NULL,NULL,NULL,'高压侧',NULL,NULL,NULL,NULL),(541,156,235,4,0,NULL,NULL,NULL,NULL,NULL,NULL,NULL,'低压侧',NULL,NULL,NULL,NULL),(542,156,462,8,0,NULL,NULL,NULL,NULL,NULL,NULL,NULL,'与项17,18点胶固定',NULL,NULL,NULL,NULL),(543,156,216,8,0,NULL,NULL,NULL,NULL,NULL,NULL,NULL,'',NULL,NULL,NULL,NULL),(544,156,268,8,0,NULL,NULL,NULL,NULL,NULL,NULL,NULL,'',NULL,NULL,NULL,NULL),(545,156,463,4,0,NULL,NULL,NULL,NULL,NULL,NULL,NULL,'',NULL,NULL,NULL,NULL),(546,156,236,8,0,NULL,NULL,NULL,NULL,NULL,NULL,NULL,'',NULL,NULL,NULL,NULL),(547,156,122,4,1,NULL,NULL,NULL,NULL,NULL,NULL,NULL,'',NULL,NULL,NULL,NULL),(548,156,464,4,0,NULL,NULL,NULL,NULL,NULL,NULL,NULL,'发黑(低压侧)',NULL,NULL,NULL,NULL),(549,156,259,4,0,NULL,NULL,NULL,NULL,NULL,NULL,NULL,'低压侧',NULL,NULL,NULL,NULL),(550,156,380,6,0,NULL,NULL,NULL,NULL,NULL,NULL,NULL,'',NULL,NULL,NULL,NULL),(551,156,379,6,0,NULL,NULL,NULL,NULL,NULL,NULL,NULL,'',NULL,NULL,NULL,NULL),(552,156,465,6,0,NULL,NULL,NULL,NULL,NULL,NULL,NULL,'',NULL,NULL,NULL,NULL),(553,156,117,1,1,NULL,NULL,NULL,NULL,NULL,NULL,NULL,'',NULL,NULL,NULL,NULL),(554,156,114,1,1,NULL,NULL,NULL,NULL,NULL,NULL,NULL,'',NULL,NULL,NULL,NULL),(555,156,112,2,1,NULL,NULL,NULL,NULL,NULL,NULL,NULL,'',NULL,NULL,NULL,NULL),(556,156,237,3,0,NULL,NULL,NULL,NULL,NULL,NULL,NULL,'高压侧',NULL,NULL,NULL,NULL),(557,156,238,3,0,NULL,NULL,NULL,NULL,NULL,NULL,NULL,'低压侧',NULL,NULL,NULL,NULL),(558,156,262,15,0,NULL,NULL,NULL,NULL,NULL,NULL,NULL,'底座调节用',NULL,NULL,NULL,NULL),(559,156,263,15,0,NULL,NULL,NULL,NULL,NULL,NULL,NULL,'底座调节用',NULL,NULL,NULL,NULL),(560,156,111,1,1,NULL,NULL,NULL,NULL,NULL,NULL,NULL,'',NULL,NULL,NULL,NULL),(561,156,166,8,1,NULL,NULL,NULL,NULL,NULL,NULL,NULL,'',NULL,NULL,NULL,NULL),(562,156,466,16,0,NULL,NULL,NULL,NULL,NULL,NULL,NULL,'夹件绝缘固定用',NULL,NULL,NULL,NULL),(563,156,467,1,1,NULL,NULL,NULL,NULL,NULL,NULL,NULL,'夹件接地用',NULL,NULL,NULL,NULL),(564,156,468,1,1,NULL,NULL,NULL,NULL,NULL,NULL,NULL,'',NULL,NULL,NULL,NULL),(565,156,115,1,1,NULL,NULL,NULL,NULL,NULL,NULL,NULL,'',NULL,NULL,NULL,NULL),(566,157,213,3,0,NULL,NULL,NULL,NULL,NULL,NULL,NULL,'高压侧',NULL,NULL,NULL,NULL),(567,157,469,6,1,NULL,NULL,NULL,NULL,NULL,NULL,NULL,'',NULL,NULL,NULL,NULL),(568,157,470,0,0,NULL,NULL,NULL,NULL,NULL,NULL,NULL,'',NULL,NULL,NULL,NULL),(569,157,471,1,0,NULL,NULL,NULL,NULL,NULL,NULL,NULL,'',NULL,NULL,NULL,NULL),(570,157,196,6,0,NULL,NULL,NULL,NULL,NULL,NULL,NULL,'低压侧',NULL,NULL,NULL,NULL),(571,157,472,3,0,NULL,NULL,NULL,NULL,NULL,NULL,NULL,'低压侧',NULL,NULL,NULL,NULL),(572,157,214,3,0,NULL,NULL,NULL,NULL,NULL,NULL,NULL,'低压侧',NULL,NULL,NULL,NULL),(573,157,473,1,1,NULL,NULL,NULL,NULL,NULL,NULL,NULL,'',NULL,NULL,NULL,NULL),(574,158,474,4,0,NULL,NULL,NULL,NULL,NULL,NULL,NULL,'',NULL,NULL,NULL,NULL),(575,158,475,16,0,NULL,NULL,NULL,NULL,NULL,NULL,NULL,'调节用',NULL,NULL,NULL,NULL),(576,158,476,6,0,NULL,NULL,NULL,NULL,NULL,NULL,NULL,'高压侧',NULL,NULL,NULL,NULL),(577,158,477,60,0,NULL,NULL,NULL,NULL,NULL,NULL,NULL,'调节用',NULL,NULL,NULL,NULL),(578,158,190,1,0,NULL,NULL,NULL,NULL,NULL,NULL,NULL,'',NULL,NULL,NULL,NULL),(579,158,260,3,0,NULL,NULL,NULL,NULL,NULL,NULL,NULL,'',NULL,NULL,NULL,NULL),(580,158,217,3,0,NULL,NULL,NULL,NULL,NULL,NULL,NULL,'',NULL,NULL,NULL,NULL),(581,158,478,6,0,NULL,NULL,NULL,NULL,NULL,NULL,NULL,'',NULL,NULL,NULL,NULL),(582,158,174,1,1,NULL,NULL,NULL,NULL,NULL,NULL,NULL,'',NULL,NULL,NULL,NULL),(583,158,164,0,1,NULL,NULL,NULL,NULL,NULL,NULL,NULL,'线圈已给',NULL,NULL,NULL,NULL),(584,158,121,1,1,NULL,NULL,NULL,NULL,NULL,NULL,NULL,'',NULL,NULL,NULL,NULL),(585,158,240,20,0,NULL,NULL,NULL,NULL,NULL,NULL,NULL,'',NULL,NULL,NULL,NULL),(586,158,479,0,0,NULL,NULL,NULL,NULL,NULL,NULL,NULL,'',NULL,NULL,NULL,NULL),(587,158,480,0,0,NULL,NULL,NULL,NULL,NULL,NULL,NULL,'',NULL,NULL,NULL,NULL),(588,158,481,6,0,NULL,NULL,NULL,NULL,NULL,NULL,NULL,'低压侧',NULL,NULL,NULL,NULL),(589,158,482,60,0,NULL,NULL,NULL,NULL,NULL,NULL,NULL,'调节用',NULL,NULL,NULL,NULL),(590,158,483,8,0,NULL,NULL,NULL,NULL,NULL,NULL,NULL,'',NULL,NULL,NULL,NULL),(591,158,243,6,0,NULL,NULL,NULL,NULL,NULL,NULL,NULL,'放于低压铜排之间',NULL,NULL,NULL,NULL),(592,158,241,6,0,NULL,NULL,NULL,NULL,NULL,NULL,NULL,'低压侧',NULL,NULL,NULL,NULL),(593,158,242,6,0,NULL,NULL,NULL,NULL,NULL,NULL,NULL,'高压侧',NULL,NULL,NULL,NULL),(594,158,244,2,0,NULL,NULL,NULL,NULL,NULL,NULL,NULL,'',NULL,NULL,NULL,NULL),(595,158,219,2,0,NULL,NULL,NULL,NULL,NULL,NULL,NULL,'',NULL,NULL,NULL,NULL),(596,159,484,1,0,NULL,NULL,NULL,NULL,NULL,NULL,NULL,'',NULL,NULL,NULL,NULL),(597,159,485,16,0,NULL,NULL,NULL,NULL,NULL,NULL,NULL,'',NULL,NULL,NULL,NULL),(598,160,486,1,0,NULL,NULL,NULL,NULL,NULL,NULL,NULL,'',NULL,NULL,NULL,NULL),(599,160,239,32,0,NULL,NULL,NULL,NULL,NULL,NULL,NULL,'',NULL,NULL,NULL,NULL),(600,161,487,1,0,NULL,NULL,NULL,NULL,NULL,NULL,NULL,'',NULL,NULL,NULL,NULL),(601,161,485,16,0,NULL,NULL,NULL,NULL,NULL,NULL,NULL,'',NULL,NULL,NULL,NULL),(602,162,488,1,0,NULL,NULL,NULL,NULL,NULL,NULL,NULL,'',NULL,NULL,NULL,NULL),(603,162,489,16,0,NULL,NULL,NULL,NULL,NULL,NULL,NULL,'',NULL,NULL,NULL,NULL),(604,163,490,1,0,NULL,NULL,NULL,NULL,NULL,NULL,NULL,'',NULL,NULL,NULL,NULL),(605,163,491,16,0,NULL,NULL,NULL,NULL,NULL,NULL,NULL,'',NULL,NULL,NULL,NULL),(606,164,492,3,0,NULL,NULL,NULL,NULL,NULL,NULL,NULL,'',NULL,NULL,NULL,NULL),(607,164,493,4,0,NULL,NULL,NULL,NULL,NULL,NULL,NULL,'',NULL,NULL,NULL,NULL),(608,164,494,8,0,NULL,NULL,NULL,NULL,NULL,NULL,NULL,'',NULL,NULL,NULL,NULL),(609,164,495,34,0,NULL,NULL,NULL,NULL,NULL,NULL,NULL,'',NULL,NULL,NULL,NULL),(610,164,496,34,0,NULL,NULL,NULL,NULL,NULL,NULL,NULL,'',NULL,NULL,NULL,NULL),(611,164,497,3,0,NULL,NULL,NULL,NULL,NULL,NULL,NULL,'',NULL,NULL,NULL,NULL),(612,164,498,34,0,NULL,NULL,NULL,NULL,NULL,NULL,NULL,'',NULL,NULL,NULL,NULL),(613,165,499,2,0,NULL,NULL,NULL,NULL,NULL,NULL,NULL,'',NULL,NULL,NULL,NULL),(614,165,500,12,0,NULL,NULL,NULL,NULL,NULL,NULL,NULL,'',NULL,NULL,NULL,NULL),(615,165,501,1,0,NULL,NULL,NULL,NULL,NULL,NULL,NULL,'',NULL,NULL,NULL,NULL),(616,166,502,1,0,NULL,NULL,NULL,NULL,NULL,NULL,NULL,'',NULL,NULL,NULL,NULL),(617,166,503,7,0,NULL,NULL,NULL,NULL,NULL,NULL,NULL,'',NULL,NULL,NULL,NULL),(618,167,504,1,0,NULL,NULL,NULL,NULL,NULL,NULL,NULL,'',NULL,NULL,NULL,NULL),(619,167,505,71,0,NULL,NULL,NULL,NULL,NULL,NULL,NULL,'',NULL,NULL,NULL,NULL),(620,168,504,1,0,NULL,NULL,NULL,NULL,NULL,NULL,NULL,'',NULL,NULL,NULL,NULL),(621,168,505,67,0,NULL,NULL,NULL,NULL,NULL,NULL,NULL,'',NULL,NULL,NULL,NULL),(622,169,506,1,0,NULL,NULL,NULL,NULL,NULL,NULL,NULL,'A相',NULL,NULL,NULL,NULL),(623,170,159,3,1,NULL,NULL,NULL,NULL,NULL,NULL,NULL,'',NULL,NULL,NULL,NULL),(624,170,173,1,1,NULL,NULL,NULL,NULL,NULL,NULL,NULL,'',NULL,NULL,NULL,NULL),(625,170,160,3,1,NULL,NULL,NULL,NULL,NULL,NULL,NULL,'',NULL,NULL,NULL,NULL),(626,170,172,1,1,NULL,NULL,NULL,NULL,NULL,NULL,NULL,'',NULL,NULL,NULL,NULL),(627,170,478,48,0,NULL,NULL,NULL,NULL,NULL,NULL,NULL,'',NULL,NULL,NULL,NULL),(628,170,161,3,1,NULL,NULL,NULL,NULL,NULL,NULL,NULL,'',NULL,NULL,NULL,NULL),(629,170,507,1,0,NULL,NULL,NULL,NULL,NULL,NULL,NULL,'',NULL,NULL,NULL,NULL),(630,170,508,0,0,NULL,NULL,NULL,NULL,NULL,NULL,NULL,'',NULL,NULL,NULL,NULL),(631,171,509,3,1,NULL,NULL,NULL,NULL,NULL,NULL,NULL,'',NULL,NULL,NULL,NULL),(632,171,510,48,0,NULL,NULL,NULL,NULL,NULL,NULL,NULL,'',NULL,NULL,NULL,NULL),(633,171,511,3600,0,NULL,NULL,NULL,NULL,NULL,NULL,NULL,'',NULL,NULL,NULL,NULL),(634,171,162,3,1,NULL,NULL,NULL,NULL,NULL,NULL,NULL,'',NULL,NULL,NULL,NULL),(635,171,512,12,0,NULL,NULL,NULL,NULL,NULL,NULL,NULL,'',NULL,NULL,NULL,NULL),(636,171,513,9,0,NULL,NULL,NULL,NULL,NULL,NULL,NULL,'',NULL,NULL,NULL,NULL),(637,171,163,3,1,NULL,NULL,NULL,NULL,NULL,NULL,NULL,'',NULL,NULL,NULL,NULL),(638,171,514,48,0,NULL,NULL,NULL,NULL,NULL,NULL,NULL,'',NULL,NULL,NULL,NULL),(639,171,515,54,0,NULL,NULL,NULL,NULL,NULL,NULL,NULL,'',NULL,NULL,NULL,NULL),(640,171,516,144,0,NULL,NULL,NULL,NULL,NULL,NULL,NULL,'出头绑扎用',NULL,NULL,NULL,NULL),(641,171,517,1,0,NULL,NULL,NULL,NULL,NULL,NULL,NULL,'',NULL,NULL,NULL,NULL),(642,171,518,1,0,NULL,NULL,NULL,NULL,NULL,NULL,NULL,'调压段用',NULL,NULL,NULL,NULL),(643,171,519,21,0,NULL,NULL,NULL,NULL,NULL,NULL,NULL,'1张/处，包3根线',NULL,NULL,NULL,NULL),(644,171,520,600,0,NULL,NULL,NULL,NULL,NULL,NULL,NULL,'',NULL,NULL,NULL,NULL),(645,171,169,1,1,NULL,NULL,NULL,NULL,NULL,NULL,NULL,'',NULL,NULL,NULL,NULL),(646,171,521,0,0,NULL,NULL,NULL,NULL,NULL,NULL,NULL,'',NULL,NULL,NULL,NULL),(647,171,522,0,0,NULL,NULL,NULL,NULL,NULL,NULL,NULL,'',NULL,NULL,NULL,NULL),(648,171,523,300,0,NULL,NULL,NULL,NULL,NULL,NULL,NULL,'调压段用',NULL,NULL,NULL,NULL),(649,171,524,102,0,NULL,NULL,NULL,NULL,NULL,NULL,NULL,'外换位用',NULL,NULL,NULL,NULL),(650,172,525,1,0,NULL,NULL,NULL,NULL,NULL,NULL,NULL,'2张叠绕',NULL,NULL,NULL,NULL),(651,172,526,1,0,NULL,NULL,NULL,NULL,NULL,NULL,NULL,'层间绝缘',NULL,NULL,NULL,NULL),(652,172,527,261,0,NULL,NULL,NULL,NULL,NULL,NULL,NULL,'油道撑条',NULL,NULL,NULL,NULL),(653,172,528,12,0,NULL,NULL,NULL,NULL,NULL,NULL,NULL,'端部绝缘',NULL,NULL,NULL,NULL),(654,172,529,6,0,NULL,NULL,NULL,NULL,NULL,NULL,NULL,'铝母排处',NULL,NULL,NULL,NULL),(655,172,254,6,0,NULL,NULL,NULL,NULL,NULL,NULL,NULL,'',NULL,NULL,NULL,NULL),(656,172,530,0,0,NULL,NULL,NULL,NULL,NULL,NULL,NULL,'',NULL,NULL,NULL,NULL),(657,173,525,1,0,NULL,NULL,NULL,NULL,NULL,NULL,NULL,'2张叠绕',NULL,NULL,NULL,NULL),(658,173,526,1,0,NULL,NULL,NULL,NULL,NULL,NULL,NULL,'层间绝缘',NULL,NULL,NULL,NULL),(659,173,527,0,0,NULL,NULL,NULL,NULL,NULL,NULL,NULL,'油道撑条',NULL,NULL,NULL,NULL),(660,173,528,12,0,NULL,NULL,NULL,NULL,NULL,NULL,NULL,'端部绝缘',NULL,NULL,NULL,NULL),(661,173,529,6,0,NULL,NULL,NULL,NULL,NULL,NULL,NULL,'铝母排处',NULL,NULL,NULL,NULL),(662,173,255,6,0,NULL,NULL,NULL,NULL,NULL,NULL,NULL,'',NULL,NULL,NULL,NULL),(663,173,530,0,0,NULL,NULL,NULL,NULL,NULL,NULL,NULL,'',NULL,NULL,NULL,NULL),(664,174,170,1,1,NULL,NULL,NULL,NULL,NULL,NULL,NULL,'',NULL,NULL,NULL,NULL),(665,174,171,1,1,NULL,NULL,NULL,NULL,NULL,NULL,NULL,'',NULL,NULL,NULL,NULL),(666,174,509,6,1,NULL,NULL,NULL,NULL,NULL,NULL,NULL,'一半调节',NULL,NULL,NULL,NULL),(667,174,478,48,0,NULL,NULL,NULL,NULL,NULL,NULL,NULL,'',NULL,NULL,NULL,NULL),(668,174,164,1,1,NULL,NULL,NULL,NULL,NULL,NULL,NULL,'',NULL,NULL,NULL,NULL),(669,174,531,0,0,NULL,NULL,NULL,NULL,NULL,NULL,NULL,'',NULL,NULL,NULL,NULL),(670,174,532,0,0,NULL,NULL,NULL,NULL,NULL,NULL,NULL,'',NULL,NULL,NULL,NULL),(671,196,499,2,0,NULL,NULL,NULL,NULL,NULL,NULL,NULL,'',NULL,NULL,NULL,NULL),(672,196,500,12,0,NULL,NULL,NULL,NULL,NULL,NULL,NULL,'',NULL,NULL,NULL,NULL),(673,196,501,1,0,NULL,NULL,NULL,NULL,NULL,NULL,NULL,'',NULL,NULL,NULL,NULL),(674,237,502,1,0,NULL,NULL,NULL,NULL,NULL,NULL,NULL,'',NULL,NULL,NULL,NULL),(675,237,503,7,0,NULL,NULL,NULL,NULL,NULL,NULL,NULL,'',NULL,NULL,NULL,NULL);

/*Table structure for table `needsplitprefix` */

DROP TABLE IF EXISTS `needsplitprefix`;

CREATE TABLE `needsplitprefix` (
  `prefix_id` bigint(20) NOT NULL AUTO_INCREMENT,
  `prefix_label` varchar(50) NOT NULL COMMENT '标识为组件的图号前缀',
  `prefix_product` tinyint(1) NOT NULL DEFAULT '0' COMMENT '是否为产品前缀',
  `create_time` datetime DEFAULT NULL,
  `create_by` varchar(255) DEFAULT NULL,
  `update_time` datetime DEFAULT NULL,
  `update_by` varchar(255) DEFAULT NULL,
  PRIMARY KEY (`prefix_id`)
) ENGINE=InnoDB AUTO_INCREMENT=12 DEFAULT CHARSET=utf8;

/*Data for the table `needsplitprefix` */

insert  into `needsplitprefix`(`prefix_id`,`prefix_label`,`prefix_product`,`create_time`,`create_by`,`update_time`,`update_by`) values (1,'1ZT',1,NULL,NULL,NULL,NULL),(2,'2ZT',0,NULL,NULL,NULL,NULL),(3,'3ZT',0,NULL,NULL,NULL,NULL),(4,'4ZT',0,NULL,NULL,NULL,NULL),(5,'5ZT',0,NULL,NULL,NULL,NULL),(6,'6ZT',0,NULL,NULL,NULL,NULL),(7,'7ZT',0,NULL,NULL,NULL,NULL);

/*Table structure for table `quotaformula` */

DROP TABLE IF EXISTS `quotaformula`;

CREATE TABLE `quotaformula` (
  `formula_id` bigint(20) NOT NULL AUTO_INCREMENT,
  `material_code` varchar(255) DEFAULT NULL COMMENT '材料代码',
  `material_name` varchar(255) DEFAULT NULL COMMENT '材料名称',
  `unit` varchar(255) DEFAULT NULL COMMENT '单位',
  `feature` float DEFAULT NULL COMMENT '材料特性，如密度g/cm^3',
  `formula_factor` float NOT NULL DEFAULT '1' COMMENT '定额计算公式（体积*密度）乘积因素，如0.87',
  `create_time` datetime DEFAULT NULL,
  `create_by` varchar(255) DEFAULT NULL,
  `update_time` datetime DEFAULT NULL,
  `update_by` varchar(255) DEFAULT NULL,
  PRIMARY KEY (`formula_id`)
) ENGINE=InnoDB AUTO_INCREMENT=17 DEFAULT CHARSET=utf8;

/*Data for the table `quotaformula` */

insert  into `quotaformula`(`formula_id`,`material_code`,`material_name`,`unit`,`feature`,`formula_factor`,`create_time`,`create_by`,`update_time`,`update_by`) values (1,NULL,'硅钢片','kg',7.65,1,NULL,NULL,NULL,NULL),(2,NULL,'电磁线','kg',8.89,1,NULL,NULL,NULL,NULL),(3,NULL,'低磁钢板','kg',7.63,0.87,NULL,NULL,NULL,NULL),(4,NULL,'钢材','kg',7.85,0.87,NULL,NULL,NULL,NULL),(5,NULL,'铜母线','kg',8.89,1,NULL,NULL,NULL,NULL),(6,NULL,'绝缘纸板','kg',1.15,0.87,NULL,NULL,NULL,NULL),(7,NULL,'层压纸板T4','kg',1.25,0.87,NULL,NULL,NULL,NULL),(8,NULL,'层压木','kg',1.1,0.87,NULL,NULL,NULL,NULL),(9,NULL,'变压器油','kg',0.886,1,NULL,NULL,NULL,NULL),(10,NULL,'绝缘点胶纸','kg',0.85,0.92,NULL,NULL,NULL,NULL),(11,NULL,'电缆纸','kg',0.85,0.92,NULL,NULL,NULL,NULL),(12,NULL,'环酚玻布板3240','kg',1.9,1,NULL,NULL,NULL,NULL),(13,NULL,'环酚玻布管3640','kg',1.4,1,NULL,NULL,NULL,NULL),(16,'aaa','材料测试',NULL,1,0.5,'2020-12-22 18:25:44','admin','2020-12-22 18:25:58','admin');

/*Table structure for table `role_permission` */

DROP TABLE IF EXISTS `role_permission`;

CREATE TABLE `role_permission` (
  `permissionId` bigint(20) NOT NULL,
  `roleId` bigint(20) NOT NULL,
  PRIMARY KEY (`permissionId`,`roleId`),
  KEY `FK_role_permission2` (`roleId`),
  CONSTRAINT `FK_role_permission` FOREIGN KEY (`permissionId`) REFERENCES `syspermission` (`permissionId`),
  CONSTRAINT `FK_role_permission2` FOREIGN KEY (`roleId`) REFERENCES `sysrole` (`roleId`)
) ENGINE=InnoDB DEFAULT CHARSET=utf8;

/*Data for the table `role_permission` */

insert  into `role_permission`(`permissionId`,`roleId`) values (1,1),(2,1),(3,1),(4,1),(5,1),(6,1),(7,1),(8,1),(9,1),(10,1),(11,1),(12,1),(13,1),(14,1),(15,1),(16,1),(17,1),(18,1),(19,1),(20,1),(21,1),(22,1),(23,1),(24,1),(25,1),(26,1),(27,1),(28,1),(29,1),(30,1),(32,1),(33,1),(34,1),(36,1),(5,2),(9,2),(15,2),(5,3),(6,3),(7,3),(8,3),(9,3),(10,3),(12,3),(13,3),(15,3),(5,4),(9,4),(13,4),(15,4),(5,5),(9,5),(14,5),(15,5),(16,5);

/*Table structure for table `syspermission` */

DROP TABLE IF EXISTS `syspermission`;

CREATE TABLE `syspermission` (
  `permissionId` bigint(20) NOT NULL AUTO_INCREMENT,
  `permissionTitle` varchar(255) NOT NULL COMMENT '权限名称，用于在界面上显示',
  `permissionCode` varchar(255) NOT NULL COMMENT '权限字符串，如：role:create,role:update,role:delete,role:view',
  `resourceUrl` varchar(1024) DEFAULT NULL COMMENT '资源路径，如：userInfo/userList',
  `resourceType` varchar(255) DEFAULT NULL COMMENT '资源类型，如：menu、button',
  `permissionAvailable` tinyint(1) NOT NULL DEFAULT '1' COMMENT '权限是否可用',
  PRIMARY KEY (`permissionId`)
) ENGINE=InnoDB AUTO_INCREMENT=37 DEFAULT CHARSET=utf8;

/*Data for the table `syspermission` */

insert  into `syspermission`(`permissionId`,`permissionTitle`,`permissionCode`,`resourceUrl`,`resourceType`,`permissionAvailable`) values (1,'查询用户','user:view',NULL,NULL,1),(2,'添加用户','user:add',NULL,NULL,1),(3,'编辑用户','user:edit',NULL,NULL,1),(4,'删除用户','user:del',NULL,NULL,1),(5,'查询产品','artifact:view',NULL,NULL,1),(6,'添加产品','artifact:add',NULL,NULL,1),(7,'编辑产品','artifact:edit',NULL,NULL,1),(8,'删除产品','artifact:del',NULL,NULL,1),(9,'查询明细','detail:view',NULL,NULL,1),(10,'添加明细','detail:add',NULL,NULL,1),(11,'编辑明细','detail:edit',NULL,NULL,1),(12,'删除明细','detail:del',NULL,NULL,1),(13,'导入明细','detail:import',NULL,NULL,1),(14,'会签明细','detail:check',NULL,NULL,1),(15,'导出明细','detail:export',NULL,NULL,1),(16,'打印明细','detail:print',NULL,NULL,1),(17,'查询角色','role:view',NULL,NULL,1),(18,'添加角色','role:add',NULL,NULL,1),(19,'编辑角色','role:edit',NULL,NULL,1),(20,'删除角色','role:del',NULL,NULL,1),(21,'查询权限','permission:view',NULL,NULL,1),(22,'添加权限','permission:add',NULL,NULL,1),(23,'编辑权限','permission:edit',NULL,NULL,1),(24,'删除权限','permission:del',NULL,NULL,1),(25,'添加材料','materialfeature:add',NULL,NULL,1),(26,'编辑材料','materialfeature:edit',NULL,NULL,1),(27,'删除材料','materialfeature:del',NULL,NULL,1),(28,'查询材料','materialfeature:view',NULL,NULL,1),(29,'查询工序','workingsteps:view',NULL,NULL,1),(30,'添加工序','workingsteps:add',NULL,NULL,1),(31,'编辑工序','workingsteps:edit',NULL,NULL,1),(32,'删除工序','workingsteps:del',NULL,NULL,1),(33,'查询前缀','needsplitprefix:view',NULL,NULL,1),(34,'添加前缀','needsplitprefix:add',NULL,NULL,1),(35,'编辑前缀','needsplitprefix:edit',NULL,NULL,1),(36,'删除前缀','needsplitprefix:del',NULL,NULL,1);

/*Table structure for table `sysrole` */

DROP TABLE IF EXISTS `sysrole`;

CREATE TABLE `sysrole` (
  `roleId` bigint(20) NOT NULL AUTO_INCREMENT,
  `roleName` varchar(255) NOT NULL COMMENT '角色名称，程序中使用（如：admin）',
  `description` varchar(255) NOT NULL COMMENT '角色描述，界面中使用（如：管理员）',
  `roleAvailable` tinyint(1) NOT NULL DEFAULT '1' COMMENT '角色是否可用',
  PRIMARY KEY (`roleId`)
) ENGINE=InnoDB AUTO_INCREMENT=6 DEFAULT CHARSET=utf8;

/*Data for the table `sysrole` */

insert  into `sysrole`(`roleId`,`roleName`,`description`,`roleAvailable`) values (1,'Administrator','系统管理员',1),(2,'Staff','普通员工',1),(3,'Manager','产品管理员',1),(4,'Uploader','明细入库员',1),(5,'Inspector','明细会签员',1);

/*Table structure for table `sysuser` */

DROP TABLE IF EXISTS `sysuser`;

CREATE TABLE `sysuser` (
  `userId` bigint(20) NOT NULL AUTO_INCREMENT,
  `userName` varchar(255) NOT NULL COMMENT '用户的登录账号',
  `userAlias` varchar(255) NOT NULL COMMENT '用户姓名，用于在界面上显示',
  `password` varchar(1024) NOT NULL COMMENT '用户的登录密码',
  `salt` varchar(1024) NOT NULL COMMENT '用于进行密码加密的盐',
  `state` smallint(6) NOT NULL DEFAULT '1' COMMENT '用户状态。0：待验证；1：正常；2：被锁定',
  PRIMARY KEY (`userId`)
) ENGINE=InnoDB AUTO_INCREMENT=7 DEFAULT CHARSET=utf8;

/*Data for the table `sysuser` */

insert  into `sysuser`(`userId`,`userName`,`userAlias`,`password`,`salt`,`state`) values (1,'admin','管理员','d3c59d25033dbf980d29554025c23a75','8d78869f470951332959580424d4bf4f',1),(2,'lisa','丽莎','504bd6934290bcd84c902441f3c58843','8d78869f470951332959580424d4bf4f',1),(3,'lin','兴有林栖','20060cbd1e7a0a83a6071f88483bbf5f','1599896405646',1),(4,'tie','铁昊','56b6387fa1636ab92aa0200fa3caac6d','1599896448286',1),(5,'huang','黄声普','3f99143cccb72e3bdf2a64028bca1af7','1599896464936',1),(6,'jack','杰克','f57770473d0395aaff2d5ef049be20d8','1599896491392',1);

/*Table structure for table `user_role` */

DROP TABLE IF EXISTS `user_role`;

CREATE TABLE `user_role` (
  `roleId` bigint(20) NOT NULL,
  `userId` bigint(20) NOT NULL,
  PRIMARY KEY (`roleId`,`userId`),
  KEY `FK_user_role2` (`userId`),
  CONSTRAINT `FK_user_role` FOREIGN KEY (`roleId`) REFERENCES `sysrole` (`roleId`),
  CONSTRAINT `FK_user_role2` FOREIGN KEY (`userId`) REFERENCES `sysuser` (`userId`)
) ENGINE=InnoDB DEFAULT CHARSET=utf8;

/*Data for the table `user_role` */

insert  into `user_role`(`roleId`,`userId`) values (1,1),(2,2),(1,3),(3,4),(4,5),(5,6);

/*Table structure for table `workingsteps` */

DROP TABLE IF EXISTS `workingsteps`;

CREATE TABLE `workingsteps` (
  `step_id` bigint(20) NOT NULL AUTO_INCREMENT,
  `step_name` varchar(255) NOT NULL,
  `create_time` datetime DEFAULT NULL,
  `create_by` varchar(255) DEFAULT NULL,
  `update_time` datetime DEFAULT NULL,
  `update_by` varchar(255) DEFAULT NULL,
  PRIMARY KEY (`step_id`)
) ENGINE=InnoDB AUTO_INCREMENT=15 DEFAULT CHARSET=utf8;

/*Data for the table `workingsteps` */

insert  into `workingsteps`(`step_id`,`step_name`,`create_time`,`create_by`,`update_time`,`update_by`) values (1,'铁心',NULL,NULL,NULL,NULL),(2,'绝缘',NULL,NULL,NULL,NULL),(3,'线圈',NULL,NULL,NULL,NULL),(4,'采购',NULL,NULL,NULL,NULL),(5,'钣焊',NULL,NULL,NULL,NULL),(6,'器身',NULL,NULL,NULL,NULL),(7,'总装',NULL,NULL,NULL,NULL),(8,'配变',NULL,NULL,NULL,NULL),(9,'检验',NULL,NULL,NULL,NULL),(10,'试验',NULL,NULL,NULL,NULL),(11,'营销',NULL,NULL,NULL,NULL),(14,'踩踩踩','2020-12-22 21:31:38','admin',NULL,NULL);

/*!40101 SET SQL_MODE=@OLD_SQL_MODE */;
/*!40014 SET FOREIGN_KEY_CHECKS=@OLD_FOREIGN_KEY_CHECKS */;
/*!40014 SET UNIQUE_CHECKS=@OLD_UNIQUE_CHECKS */;
/*!40111 SET SQL_NOTES=@OLD_SQL_NOTES */;
